name,url,added_from
Cure Sanfilippo Foundation,https://curesanfilippofoundation.org,patient_orgs.csv
National MPS Society,https://mpssociety.org,patient_orgs.csv
National Niemann-Pick Disease Foundation,https://nnpdf.org,patient_orgs.csv
National Tay-Sachs & Allied Diseases Association,https://www.ntsad.org,patient_orgs.csv
Batten Disease Support & Research Association,https://bdsrafoundation.org,patient_orgs.csv
Sanfilippo Children's Foundation,https://www.sanfilippo.org.au,candidate
Team Sanfilippo Foundation,https://teamsanfilippo.org,candidate
Society for Mucopolysaccharide Diseases (MPS Society UK),https://mpssociety.org.uk,candidate
Batten Disease Family Association,https://www.bdfa-uk.org.uk,candidate
Beyond Batten Disease Foundation,https://beyondbatten.org,candidate
Niemann-Pick UK,https://www.npuk.org,candidate
Ara Parseghian Medical Research Fund,https://parseghianfund.nd.edu,candidate
Cure GM1 Foundation,https://curegm1.org,candidate
Cure Tay-Sachs Foundation,https://www.curetay-sachs.org,candidate
MLD Foundation,https://mldfoundation.org,candidate
Cure MLD,https://www.curemld.com,candidate
Hunter's Hope Foundation,https://www.huntershope.org,candidate
United Leukodystrophy Foundation,https://ulf.org,candidate
KrabbeConnect,https://krabbeconnect.org,candidate
ISMRD (International Advocate for Glycoprotein Storage Diseases),https://www.ismrd.org,candidate
Mucolipidosis Type IV Foundation,https://ml4.org,candidate
