nct,disease_id,disease,title,status,start,completion,completion_type,months,enrollment,sponsor,edge_id,source_url,retrieved
NCT00015782,MONDO:0009653,Mucolipidosis IV,The Natural History and Pathogenesis of Mucolipidosis Type IV,COMPLETED,2001-04-27,2008-03-03,,82.2,30,National Institute of Neurological Disorders and Stroke (NINDS),E8482d1659c0a,https://clinicaltrials.gov/study/NCT00015782,2026-10-04
NCT00498420,MONDO:0009561,Alpha-mannosidosis,The Natural History of Alpha-Mannosidosis,COMPLETED,2007-05,2009-11,,30.1,45,Zymenex A/S,Ead2d5d626cd8,https://clinicaltrials.gov/study/NCT00498420,2026-10-04
NCT00639132,MONDO:0018868,Metachromatic leukodystrophy,The Natural History of Metachromatic Leukodystrophy,WITHDRAWN,2008-03-11,2022-02-01,,166.7,0,University of Pittsburgh,E9b486fe1b6ab,https://clinicaltrials.gov/study/NCT00639132,2026-10-04
NCT01067742,MONDO:0009653,Mucolipidosis IV,The Natural History of Mucolipidosis Type IV,TERMINATED,2009-02-19,2021-07-07,,148.5,7,Baylor Research Institute,E93166aea09fa,https://clinicaltrials.gov/study/NCT01067742,2026-10-04
NCT00983879,MONDO:0009499,Krabbe disease,The Natural History of Infantile Globoid Cell Leukodystrophy,COMPLETED,2009-09,2014-07,,58.0,6,Zymenex A/S,Eb67c95a730f9,https://clinicaltrials.gov/study/NCT00983879,2026-10-04
NCT01047306,MONDO:0009655,MPS IIIA (Sanfilippo A),A Study of Patients With Sanfilippo Syndrome Type A (MPS IIIA),COMPLETED,2010-02-15,2013-07-10,,40.8,25,Shire,E6685cdeb06e6,https://clinicaltrials.gov/study/NCT01047306,2026-10-04
NCT01793168,MONDO:0018868,Metachromatic leukodystrophy,Rare Disease Patient Registry & Natural History Study - Coordination of Rare Diseases at Sanford,RECRUITING,2010-07,2100-12,,1084.9,20000,Sanford Health,E6d662808db46,https://clinicaltrials.gov/study/NCT01793168,2026-10-04
NCT01793168,MONDO:0009653,Mucolipidosis IV,Rare Disease Patient Registry & Natural History Study - Coordination of Rare Diseases at Sanford,RECRUITING,2010-07,2100-12,,1084.9,20000,Sanford Health,Ec1cfdec53330,https://clinicaltrials.gov/study/NCT01793168,2026-10-04
NCT00668187,MONDO:0018149,GM1 gangliosidosis,A Natural History Study of the Gangliosidoses,RECRUITING,2010-12,2027-03-01,,194.9,52,University of Minnesota,Ef5d8701fdb0c,https://clinicaltrials.gov/study/NCT00668187,2026-10-04
NCT00668187,MONDO:0010100,Tay-Sachs disease,A Natural History Study of the Gangliosidoses,RECRUITING,2010-12,2027-03-01,,194.9,52,University of Minnesota,E6f7112bd3178,https://clinicaltrials.gov/study/NCT00668187,2026-10-04
NCT00668187,MONDO:0010006,Sandhoff disease,A Natural History Study of the Gangliosidoses,RECRUITING,2010-12,2027-03-01,,194.9,52,University of Minnesota,Ec3e5b915b725,https://clinicaltrials.gov/study/NCT00668187,2026-10-04
NCT01869270,MONDO:0010100,Tay-Sachs disease,Gene Therapy for Tay-Sachs Disease,COMPLETED,2010-12,2014-08,,44.0,4,University of Minnesota,E9f3ea0fc7948,https://clinicaltrials.gov/study/NCT01869270,2026-10-04
NCT01869270,MONDO:0010006,Sandhoff disease,Gene Therapy for Tay-Sachs Disease,COMPLETED,2010-12,2014-08,,44.0,4,University of Minnesota,Ebde7900b6f9c,https://clinicaltrials.gov/study/NCT01869270,2026-10-04
NCT01509768,MONDO:0009656,MPS IIIB (Sanfilippo B),"Natural History Study of Patients With Mucopolysaccharidosis Type IIIB (MPS IIIB, Sanfilippo Syndrome Type B)",COMPLETED,2012-04-09,2013-10-10,,18.0,19,Shire,Eade8d2f2523c,https://clinicaltrials.gov/study/NCT01509768,2026-10-04
NCT02037880,MONDO:0009655,MPS IIIA (Sanfilippo A),Natural History Studies of Mucopolysaccharidosis III,COMPLETED,2014-02,2015-11,,21.0,25,Nationwide Children's Hospital,E65f45655430a,https://clinicaltrials.gov/study/NCT02037880,2026-10-04
NCT02037880,MONDO:0009656,MPS IIIB (Sanfilippo B),Natural History Studies of Mucopolysaccharidosis III,COMPLETED,2014-02,2015-11,,21.0,25,Nationwide Children's Hospital,E66e5b42e54a3,https://clinicaltrials.gov/study/NCT02037880,2026-10-04
NCT02293408,MONDO:0009656,MPS IIIB (Sanfilippo B),Natural History Study to Characterise the Course of Disease Progression in Participants With Mucopolysaccharidosis Type IIIB,TERMINATED,2014-09-14,2017-07-11,,33.9,30,"Alexion Pharmaceuticals, Inc.",E3b07bedf82bc,https://clinicaltrials.gov/study/NCT02293408,2026-10-04
NCT01963650,MONDO:0018868,Metachromatic leukodystrophy,Natural History Study of Children With Metachromatic Leukodystrophy,TERMINATED,2015-11-02,2016-04-08,,5.2,1,Shire,E3620d00ab131,https://clinicaltrials.gov/study/NCT01963650,2026-10-04
NCT02746341,MONDO:0009655,MPS IIIA (Sanfilippo A),Natural History Study of Patients With MPS IIIA,COMPLETED,2016-04,2019-05,,37.0,23,LYSOGENE,E3997869687a3,https://clinicaltrials.gov/study/NCT02746341,2026-10-04
NCT02851862,MONDO:0010100,Tay-Sachs disease,A Natural History of Late Onset Tay-Sachs Disease,COMPLETED,2016-04,2025-12,,116.0,10,Massachusetts General Hospital,E5641e4fdc480,https://clinicaltrials.gov/study/NCT02851862,2026-10-04
NCT03285425,MONDO:0011144,CLN6 disease (6A),"Natural History of Neuronal Ceroid Lipofuscinosis, Batten's CLN6 Diseae",ACTIVE_NOT_RECRUITING,2017-01,2026-12,,119.0,30,Emily de los Reyes,Ed4b3123397a7,https://clinicaltrials.gov/study/NCT03285425,2026-10-04
NCT03529786,MONDO:0010674,MPS II (Hunter),Mucopolysaccharidosis Type II Natural History,COMPLETED,2017-09-27,2022-03-22,,53.8,36,REGENXBIO Inc.,Eb151bc550cad,https://clinicaltrials.gov/study/NCT03529786,2026-10-04
NCT03227042,MONDO:0009656,MPS IIIB (Sanfilippo B),A Prospective Natural History Study of Mucopolysaccharidosis Type IIIB (MPS IIIB),UNKNOWN,2017-11-16,2025-12,,96.5,44,Allievex Corporation,E1bd1e61908da,https://clinicaltrials.gov/study/NCT03227042,2026-10-04
NCT03822650,MONDO:0009745,CLN5 disease,A Natural History Study of Neuronal Ceroid Lipofuscinosis Type 5 (CLN5),COMPLETED,2019-03-13,2024-05-30,,62.6,37,Neurogene Inc.,E11750d7deb66,https://clinicaltrials.gov/study/NCT03822650,2026-10-04
NCT04470713,MONDO:0018149,GM1 gangliosidosis,"Natural History Study for Pediatric Patients With Early Onset of Either GM1 Gangliosidosis, GM2 Gangliosidoses, or Gaucher Disease Type 2",COMPLETED,2019-07-31,2021-10-30,,27.0,226,Idorsia Pharmaceuticals Ltd.,E5d1fdf9cc380,https://clinicaltrials.gov/study/NCT04470713,2026-10-04
NCT04470713,MONDO:0010100,Tay-Sachs disease,"Natural History Study for Pediatric Patients With Early Onset of Either GM1 Gangliosidosis, GM2 Gangliosidoses, or Gaucher Disease Type 2",COMPLETED,2019-07-31,2021-10-30,,27.0,226,Idorsia Pharmaceuticals Ltd.,Ee7ab87a86aca,https://clinicaltrials.gov/study/NCT04470713,2026-10-04
NCT04470713,MONDO:0010006,Sandhoff disease,"Natural History Study for Pediatric Patients With Early Onset of Either GM1 Gangliosidosis, GM2 Gangliosidoses, or Gaucher Disease Type 2",COMPLETED,2019-07-31,2021-10-30,,27.0,226,Idorsia Pharmaceuticals Ltd.,Eaaa3860776cd,https://clinicaltrials.gov/study/NCT04470713,2026-10-04
NCT04613089,MONDO:0009744,CLN1 disease,"Natural History and Longitudinal Clinical Assessments in NCL / Batten Disease, the International DEM-CHILD Database",RECRUITING,2020-04-08,2050-04-08,,360.0,500,Universitätsklinikum Hamburg-Eppendorf,E5665592f212e,https://clinicaltrials.gov/study/NCT04613089,2026-10-04
NCT04613089,MONDO:0008769,CLN2 disease,"Natural History and Longitudinal Clinical Assessments in NCL / Batten Disease, the International DEM-CHILD Database",RECRUITING,2020-04-08,2050-04-08,,360.0,500,Universitätsklinikum Hamburg-Eppendorf,E6d5e96ac1da9,https://clinicaltrials.gov/study/NCT04613089,2026-10-04
NCT04613089,MONDO:0008767,CLN3 disease,"Natural History and Longitudinal Clinical Assessments in NCL / Batten Disease, the International DEM-CHILD Database",RECRUITING,2020-04-08,2050-04-08,,360.0,500,Universitätsklinikum Hamburg-Eppendorf,E952f5ca90818,https://clinicaltrials.gov/study/NCT04613089,2026-10-04
NCT04613089,MONDO:0009745,CLN5 disease,"Natural History and Longitudinal Clinical Assessments in NCL / Batten Disease, the International DEM-CHILD Database",RECRUITING,2020-04-08,2050-04-08,,360.0,500,Universitätsklinikum Hamburg-Eppendorf,E2e356e248b1b,https://clinicaltrials.gov/study/NCT04613089,2026-10-04
NCT04613089,MONDO:0011144,CLN6 disease (6A),"Natural History and Longitudinal Clinical Assessments in NCL / Batten Disease, the International DEM-CHILD Database",RECRUITING,2020-04-08,2050-04-08,,360.0,500,Universitätsklinikum Hamburg-Eppendorf,E443ab2fbbe60,https://clinicaltrials.gov/study/NCT04613089,2026-10-04
NCT04613089,MONDO:0012588,CLN7 disease,"Natural History and Longitudinal Clinical Assessments in NCL / Batten Disease, the International DEM-CHILD Database",RECRUITING,2020-04-08,2050-04-08,,360.0,500,Universitätsklinikum Hamburg-Eppendorf,E09634dc877d1,https://clinicaltrials.gov/study/NCT04613089,2026-10-04
NCT04613089,MONDO:0010830,CLN8 disease,"Natural History and Longitudinal Clinical Assessments in NCL / Batten Disease, the International DEM-CHILD Database",RECRUITING,2020-04-08,2050-04-08,,360.0,500,Universitätsklinikum Hamburg-Eppendorf,E2c1ee92fbc7a,https://clinicaltrials.gov/study/NCT04613089,2026-10-04
NCT04310163,MONDO:0018149,GM1 gangliosidosis,Interviews and Video Capture in Patients With GM1 Gangliosidosis,COMPLETED,2020-04-20,2023-05-05,,36.5,25,LYSOGENE,Eed9f27254b94,https://clinicaltrials.gov/study/NCT04310163,2026-10-04
NCT04320329,MONDO:0018149,GM1 gangliosidosis,Natural History of Morquio B and Late-Onset of GM1 Gangliosidosis,UNKNOWN,2020-06-01,2022-05-31,,23.9,30,University of British Columbia,Ecbadef8afc81,https://clinicaltrials.gov/study/NCT04320329,2026-10-04
NCT04041102,MONDO:0018149,GM1 gangliosidosis,Natural History Study of Infantile and Juvenile GM1 Gangliosidosis (GM1) Patients,COMPLETED,2020-06-12,2024-05-01,,46.6,31,University of Pennsylvania,E7b4788143710,https://clinicaltrials.gov/study/NCT04041102,2026-10-04
NCT04628364,MONDO:0018868,Metachromatic leukodystrophy,The Natural History of Metachromatic Leukodystrophy Study (HOME Study),COMPLETED,2020-10-01,2025-03-30,,53.9,21,National Organization for Rare Disorders,Eb61a89a2cca9,https://clinicaltrials.gov/study/NCT04628364,2026-10-04
NCT04480476,MONDO:0009744,CLN1 disease,"A Retrospective, Natural History Study in Children With CLN2",WITHDRAWN,2021-03-31,2022-04,,12.0,0,REGENXBIO Inc.,E5d296c518af1,https://clinicaltrials.gov/study/NCT04480476,2026-10-04
NCT04480476,MONDO:0008769,CLN2 disease,"A Retrospective, Natural History Study in Children With CLN2",WITHDRAWN,2021-03-31,2022-04,,12.0,0,REGENXBIO Inc.,E53bd4f962a7a,https://clinicaltrials.gov/study/NCT04480476,2026-10-04
NCT04644549,MONDO:0008767,CLN3 disease,Natural History Study of Batten Disease,TERMINATED,2021-04-27,2022-03-11,,10.4,10,Emily de los Reyes,E6fe83d7a1ecd,https://clinicaltrials.gov/study/NCT04644549,2026-10-04
NCT04644549,MONDO:0011144,CLN6 disease (6A),Natural History Study of Batten Disease,TERMINATED,2021-04-27,2022-03-11,,10.4,10,Emily de los Reyes,E01653ef19318,https://clinicaltrials.gov/study/NCT04644549,2026-10-04
NCT04918641,MONDO:0009655,MPS IIIA (Sanfilippo A),Natural History Observational Study of MPS IIIa in SMC,UNKNOWN,2021-06-30,2024-07-28,,36.9,25,Samsung Medical Center,E38586df180e3,https://clinicaltrials.gov/study/NCT04918641,2026-10-04
NCT05523206,MONDO:0009655,MPS IIIA (Sanfilippo A),A Natural History Study of Biomarkers and Clinical Outcomes in Mucopolysaccharidosis Type IIIA (MPS IIIA; Sanfilippo Syndrome),COMPLETED,2022-09-27,2025-01-28,,28.1,15,Sanguine Biosciences,Eb917a0aaddf4,https://clinicaltrials.gov/study/NCT05523206,2026-10-04
NCT05648851,MONDO:0009658,MPS IIID (Sanfilippo D),A Natural History Study of Sanfilippo Syndrome Type D,COMPLETED,2023-01-22,2024-11-01,,21.3,10,Phoenix Nest,E0e4a6186736e,https://clinicaltrials.gov/study/NCT05648851,2026-10-04
NCT05782387,MONDO:0009653,Mucolipidosis IV,Mucolipidosis Type IV Natural History Study,ACTIVE_NOT_RECRUITING,2023-03-15,2028-09,,65.6,50,Massachusetts General Hospital,Eb9c0039fc9d4,https://clinicaltrials.gov/study/NCT05782387,2026-10-04
NCT05705674,MONDO:0009655,MPS IIIA (Sanfilippo A),The Natural History Study of Patients With Sanfilippo Disease(s) (MPS3),UNKNOWN,2023-05-01,2024-12,,19.1,6,"Lysosomal and Rare Disorders Research and Treatment Center, Inc.",E232c1cf99263,https://clinicaltrials.gov/study/NCT05705674,2026-10-04
NCT05705674,MONDO:0009656,MPS IIIB (Sanfilippo B),The Natural History Study of Patients With Sanfilippo Disease(s) (MPS3),UNKNOWN,2023-05-01,2024-12,,19.1,6,"Lysosomal and Rare Disorders Research and Treatment Center, Inc.",Ea9797fca1aee,https://clinicaltrials.gov/study/NCT05705674,2026-10-04
NCT05705674,MONDO:0009657,MPS IIIC (Sanfilippo C),The Natural History Study of Patients With Sanfilippo Disease(s) (MPS3),UNKNOWN,2023-05-01,2024-12,,19.1,6,"Lysosomal and Rare Disorders Research and Treatment Center, Inc.",E725fc26925f9,https://clinicaltrials.gov/study/NCT05705674,2026-10-04
NCT05705674,MONDO:0009658,MPS IIID (Sanfilippo D),The Natural History Study of Patients With Sanfilippo Disease(s) (MPS3),UNKNOWN,2023-05-01,2024-12,,19.1,6,"Lysosomal and Rare Disorders Research and Treatment Center, Inc.",Ea1032a400495,https://clinicaltrials.gov/study/NCT05705674,2026-10-04
NCT05825131,MONDO:0009657,MPS IIIC (Sanfilippo C),Natural History Study of Participants With Sanfilippo Syndrome Type IIIC,RECRUITING,2024-11-10,2028-12-01,,48.7,30,Phoenix Nest,E4fc7d0380703,https://clinicaltrials.gov/study/NCT05825131,2026-10-04
NCT07712003,MONDO:0009657,MPS IIIC (Sanfilippo C),Natural History to Assess Disease in Patients With MPS IIIC,NOT_YET_RECRUITING,2026-11-01,2029-02-01,,27.0,35,Phoenix Nest,Ef17709291190,https://clinicaltrials.gov/study/NCT07712003,2026-10-04
