disease_a,disease_b,name_a,name_b,phenotype_score,pathway_score,combined,top_shared_phenotypes,top_shared_pathways
MONDO:0009757,MONDO:0011873,Niemann-Pick type C1,Niemann-Pick type C2,0.6175,0.8258,0.7008,Vertical supranuclear gaze palsy (HP:0000511); Fetal ascites (HP:0001791); Elevated circulating C-triol concentration (HP:6001353); Bone-marrow foam cells (HP:0004333); Prolonged neonatal jaundice (HP:0006579),LDL clearance (R-HSA-8964038); Plasma lipoprotein clearance (R-HSA-8964043)
MONDO:0009655,MONDO:0009656,MPS IIIA (Sanfilippo A),MPS IIIB (Sanfilippo B),0.7752,0.4986,0.6646,Dense calvaria (HP:0000250); Coarse hair (HP:0002208); Asymmetric septal hypertrophy (HP:0001670); Synophrys (HP:0000664); Ovoid thoracolumbar vertebrae (HP:0003309),Heparan sulfate/heparin (HS-GAG) metabolism (R-HSA-1638091); HS-GAG degradation (R-HSA-2024096); Mucopolysaccharidoses (R-HSA-2206281)
MONDO:0009655,MONDO:0009657,MPS IIIA (Sanfilippo A),MPS IIIC (Sanfilippo C),0.6608,0.4608,0.5808,Dense calvaria (HP:0000250); Coarse hair (HP:0002208); Asymmetric septal hypertrophy (HP:0001670); Synophrys (HP:0000664); Ovoid thoracolumbar vertebrae (HP:0003309),Heparan sulfate/heparin (HS-GAG) metabolism (R-HSA-1638091); HS-GAG degradation (R-HSA-2024096); Mucopolysaccharidoses (R-HSA-2206281)
MONDO:0009656,MONDO:0009657,MPS IIIB (Sanfilippo B),MPS IIIC (Sanfilippo C),0.6427,0.4608,0.57,Dense calvaria (HP:0000250); Coarse hair (HP:0002208); Asymmetric septal hypertrophy (HP:0001670); Synophrys (HP:0000664); Ovoid thoracolumbar vertebrae (HP:0003309),Heparan sulfate/heparin (HS-GAG) metabolism (R-HSA-1638091); HS-GAG degradation (R-HSA-2024096); Mucopolysaccharidoses (R-HSA-2206281)
MONDO:0018868,MONDO:0009499,Metachromatic leukodystrophy,Krabbe disease,0.1888,0.7825,0.4263,Peripheral demyelination (HP:0011096); Hyporeflexia (HP:0001265); EMG abnormality (HP:0003457); Tetraparesis (HP:0002273); CNS demyelination (HP:0007305),GPCR ligand binding (R-HSA-500792); Peptide ligand-binding receptors (R-HSA-375276); Platelet degranulation  (R-HSA-114608)
MONDO:0010100,MONDO:0010006,Tay-Sachs disease,Sandhoff disease,0.1957,0.7439,0.415,Progressive macrocephaly (HP:0004481); Distal muscle weakness (HP:0002460); Focal dystonia (HP:0004373); Fasciculations (HP:0002380); Abnormal circulating enzyme concentration (HP:0011021),Diseases associated with glycosaminoglycan metabolism (R-HSA-3560782); Hyaluronan degradation (R-HSA-2160916); Hyaluronan metabolism (R-HSA-2142845)
MONDO:0008769,MONDO:0011144,CLN2 disease,CLN6 disease (6A),0.349,0.0,0.349,Curvilinear intracellular accumulation of autofluorescent lipopigment storage material (HP:0003205); Progressive visual loss (HP:0000529); Increased neuronal autofluorescent lipopigment (HP:0002074); Retinal degeneration (HP:0000546); Abnormal nervous system electrophysiology (HP:0001311),
MONDO:0001586,MONDO:0010674,MPS I (Hurler),MPS II (Hunter),0.2846,0.4242,0.3405,Wide nasal bridge (HP:0000431); Enlarged tonsils (HP:0030812); Cervical cord compression (HP:0002341); Wide nose (HP:0000445); Ptosis (HP:0000508),Chondroitin sulfate/dermatan sulfate metabolism (R-HSA-1793185); CS/DS degradation (R-HSA-2024101); Heparan sulfate/heparin (HS-GAG) metabolism (R-HSA-1638091)
MONDO:0008767,MONDO:0009745,CLN3 disease,CLN5 disease,0.3063,0.0,0.3063,Fingerprint intracellular accumulation of autofluorescent lipopigment storage material (HP:0003208); Loss of ambulation (HP:0002505); Vacuolated lymphocytes (HP:0001922); Curvilinear intracellular accumulation of autofluorescent lipopigment storage material (HP:0003205); Progressive visual loss (HP:0000529),
MONDO:0008769,MONDO:0009745,CLN2 disease,CLN5 disease,0.2825,0.0,0.2825,Curvilinear intracellular accumulation of autofluorescent lipopigment storage material (HP:0003205); Progressive visual loss (HP:0000529); Increased neuronal autofluorescent lipopigment (HP:0002074); Retinal degeneration (HP:0000546); Myoclonus (HP:0001336),
MONDO:0008769,MONDO:0008767,CLN2 disease,CLN3 disease,0.2671,0.0,0.2671,Increased extraneuronal autofluorescent lipopigment (HP:0003463); Undetectable electroretinogram (HP:0000550); Curvilinear intracellular accumulation of autofluorescent lipopigment storage material (HP:0003205); Progressive visual loss (HP:0000529); Increased neuronal autofluorescent lipopigment (HP:0002074),
MONDO:0009744,MONDO:0008767,CLN1 disease,CLN3 disease,0.2557,0.0,0.2557,Macular degeneration (HP:0000608); Psychomotor deterioration (HP:0002361); Undetectable electroretinogram (HP:0000550); Vacuolated lymphocytes (HP:0001922); Progressive visual loss (HP:0000529),
MONDO:0009745,MONDO:0011144,CLN5 disease,CLN6 disease (6A),0.2533,0.0,0.2533,Fingerprint intracellular accumulation of autofluorescent lipopigment storage material (HP:0003208); Curvilinear intracellular accumulation of autofluorescent lipopigment storage material (HP:0003205); Progressive visual loss (HP:0000529); Increased neuronal autofluorescent lipopigment (HP:0002074); Motor deterioration (HP:0002333),
MONDO:0009657,MONDO:0009658,MPS IIIC (Sanfilippo C),MPS IIID (Sanfilippo D),0.2766,0.183,0.2391,Cellular metachromasia (HP:0003653); Coarse hair (HP:0002208); Asymmetric septal hypertrophy (HP:0001670); Synophrys (HP:0000664); Ovoid thoracolumbar vertebrae (HP:0003309),Mucopolysaccharidoses (R-HSA-2206281); Diseases of carbohydrate metabolism (R-HSA-5663084); Neutrophil degranulation (R-HSA-6798695)
MONDO:0009655,MONDO:0010674,MPS IIIA (Sanfilippo A),MPS II (Hunter),0.1471,0.3344,0.222,Umbilical hernia (HP:0001537); Abnormal bone ossification (HP:0011849); Recurrent upper respiratory tract infections (HP:0002788); Hyperactivity (HP:0000752); Inguinal hernia (HP:0000023),Heparan sulfate/heparin (HS-GAG) metabolism (R-HSA-1638091); HS-GAG degradation (R-HSA-2024096); Mucopolysaccharidoses (R-HSA-2206281)
MONDO:0009657,MONDO:0010674,MPS IIIC (Sanfilippo C),MPS II (Hunter),0.146,0.3169,0.2144,Dolichocephaly (HP:0000268); Abnormal bone ossification (HP:0011849); Abnormal lower lip morphology (HP:0000178); Recurrent upper respiratory tract infections (HP:0002788); Hyperactivity (HP:0000752),Heparan sulfate/heparin (HS-GAG) metabolism (R-HSA-1638091); HS-GAG degradation (R-HSA-2024096); Mucopolysaccharidoses (R-HSA-2206281)
MONDO:0009656,MONDO:0010674,MPS IIIB (Sanfilippo B),MPS II (Hunter),0.1293,0.3344,0.2113,Aggressive behavior (HP:0000718); Abnormal bone ossification (HP:0011849); Recurrent upper respiratory tract infections (HP:0002788); Hyperactivity (HP:0000752); Heparan sulfate excretion in urine (HP:0002159),Heparan sulfate/heparin (HS-GAG) metabolism (R-HSA-1638091); HS-GAG degradation (R-HSA-2024096); Mucopolysaccharidoses (R-HSA-2206281)
MONDO:0009655,MONDO:0009658,MPS IIIA (Sanfilippo A),MPS IIID (Sanfilippo D),0.2555,0.1388,0.2088,Coarse hair (HP:0002208); Asymmetric septal hypertrophy (HP:0001670); Synophrys (HP:0000664); Ovoid thoracolumbar vertebrae (HP:0003309); Recurrent upper respiratory tract infections (HP:0002788),Mucopolysaccharidoses (R-HSA-2206281); Diseases of carbohydrate metabolism (R-HSA-5663084); Glycosaminoglycan metabolism (R-HSA-1630316)
MONDO:0008769,MONDO:0012588,CLN2 disease,CLN7 disease,0.2005,0.0,0.2005,Visual loss (HP:0000572); Delayed speech and language development (HP:0000750); Cerebral atrophy (HP:0002059); Abnormal nervous system electrophysiology (HP:0001311); Ataxia (HP:0001251),
MONDO:0018149,MONDO:0010006,GM1 gangliosidosis,Sandhoff disease,0.1443,0.2829,0.1997,Progressive psychomotor deterioration (HP:0007272); Oligosacchariduria (HP:0010471); Abnormality of the genital system (HP:0000078); Exaggerated startle response (HP:0002267); Failure to thrive (HP:0001508),Diseases of glycosylation (R-HSA-3781865); Keratan sulfate degradation (R-HSA-2022857); Keratan sulfate/keratin metabolism (R-HSA-1638074)
MONDO:0009656,MONDO:0009658,MPS IIIB (Sanfilippo B),MPS IIID (Sanfilippo D),0.2379,0.1388,0.1982,Aggressive behavior (HP:0000718); Coarse hair (HP:0002208); Asymmetric septal hypertrophy (HP:0001670); Synophrys (HP:0000664); Ovoid thoracolumbar vertebrae (HP:0003309),Mucopolysaccharidoses (R-HSA-2206281); Diseases of carbohydrate metabolism (R-HSA-5663084); Glycosaminoglycan metabolism (R-HSA-1630316)
MONDO:0009744,MONDO:0010830,CLN1 disease,CLN8 disease,0.1948,0.0,0.1948,Vascular granular osmiophilic material deposition (HP:0003657); Irritability (HP:0000737); Undetectable electroretinogram (HP:0000550); EEG abnormality (HP:0002353); Progressive visual loss (HP:0000529),
MONDO:0009655,MONDO:0001586,MPS IIIA (Sanfilippo A),MPS I (Hurler),0.1011,0.3344,0.1944,Umbilical hernia (HP:0001537); Abnormal eyebrow morphology (HP:0000534); Inguinal hernia (HP:0000023); Heparan sulfate excretion in urine (HP:0002159); Hirsutism (HP:0001007),Heparan sulfate/heparin (HS-GAG) metabolism (R-HSA-1638091); HS-GAG degradation (R-HSA-2024096); Mucopolysaccharidoses (R-HSA-2206281)
MONDO:0018149,MONDO:0001586,GM1 gangliosidosis,MPS I (Hurler),0.242,0.1208,0.1935,Abnormal metaphysis morphology (HP:0000944); Arthralgia (HP:0002829); Flared iliac wing (HP:0002869); Abnormal femoral head morphology (HP:0003368); Generalized hirsutism (HP:0002230),Chondroitin sulfate/dermatan sulfate metabolism (R-HSA-1793185); CS/DS degradation (R-HSA-2024101); Mucopolysaccharidoses (R-HSA-2206281)
MONDO:0009657,MONDO:0001586,MPS IIIC (Sanfilippo C),MPS I (Hurler),0.1059,0.3169,0.1903,Dolichocephaly (HP:0000268); Everted lower lip vermilion (HP:0000232); Kyphosis (HP:0002808); Abnormal eyebrow morphology (HP:0000534); Heparan sulfate excretion in urine (HP:0002159),Heparan sulfate/heparin (HS-GAG) metabolism (R-HSA-1638091); HS-GAG degradation (R-HSA-2024096); Mucopolysaccharidoses (R-HSA-2206281)
MONDO:0009656,MONDO:0001586,MPS IIIB (Sanfilippo B),MPS I (Hurler),0.086,0.3344,0.1853,Abnormal eyebrow morphology (HP:0000534); Heparan sulfate excretion in urine (HP:0002159); Abnormal tissue enzyme concentration or activity (HP:6000231); Hirsutism (HP:0001007); Hypertrophic cardiomyopathy (HP:0001639),Heparan sulfate/heparin (HS-GAG) metabolism (R-HSA-1638091); HS-GAG degradation (R-HSA-2024096); Mucopolysaccharidoses (R-HSA-2206281)
MONDO:0009745,MONDO:0010830,CLN5 disease,CLN8 disease,0.1829,0.0,0.1829,Fingerprint intracellular accumulation of autofluorescent lipopigment storage material (HP:0003208); Loss of ambulation (HP:0002505); Curvilinear intracellular accumulation of autofluorescent lipopigment storage material (HP:0003205); Clumsiness (HP:0002312); Progressive visual loss (HP:0000529),
MONDO:0012588,MONDO:0010830,CLN7 disease,CLN8 disease,0.1791,0.0,0.1791,Generalized myoclonic seizure (HP:0002123); EEG abnormality (HP:0002353); Cerebellar atrophy (HP:0001272); Visual loss (HP:0000572); Delayed speech and language development (HP:0000750),
MONDO:0009744,MONDO:0009745,CLN1 disease,CLN5 disease,0.179,0.0,0.179,Vacuolated lymphocytes (HP:0001922); Progressive visual loss (HP:0000529); Increased neuronal autofluorescent lipopigment (HP:0002074); Retinal degeneration (HP:0000546); Myoclonus (HP:0001336),
MONDO:0008767,MONDO:0010830,CLN3 disease,CLN8 disease,0.1783,0.0,0.1783,Undetectable electroretinogram (HP:0000550); Fingerprint intracellular accumulation of autofluorescent lipopigment storage material (HP:0003208); Bilateral tonic-clonic seizure (HP:0002069); Loss of ambulation (HP:0002505); Curvilinear intracellular accumulation of autofluorescent lipopigment storage material (HP:0003205),
MONDO:0008769,MONDO:0010830,CLN2 disease,CLN8 disease,0.1776,0.0,0.1776,Undetectable electroretinogram (HP:0000550); Curvilinear intracellular accumulation of autofluorescent lipopigment storage material (HP:0003205); Progressive visual loss (HP:0000529); Increased neuronal autofluorescent lipopigment (HP:0002074); Delayed speech and language development (HP:0000750),
MONDO:0018149,MONDO:0010100,GM1 gangliosidosis,Tay-Sachs disease,0.1186,0.2634,0.1765,Aspiration pneumonia (HP:0011951); Ganglioside accumulation (HP:0004345); Exaggerated startle response (HP:0002267); Ventriculomegaly (HP:0002119); Cherry red spot of the macula (HP:0010729),Diseases of glycosylation (R-HSA-3781865); Keratan sulfate degradation (R-HSA-2022857); Keratan sulfate/keratin metabolism (R-HSA-1638074)
MONDO:0009658,MONDO:0018149,MPS IIID (Sanfilippo D),GM1 gangliosidosis,0.1941,0.1491,0.1761,Hypoplastic vertebral bodies (HP:0008479); Low-set ears (HP:0000369); Abnormality of mouth size (HP:0011337); Abnormal thoracic spine morphology (HP:0100711); Abnormal epiphysis morphology (HP:0005930),Keratan sulfate degradation (R-HSA-2022857); Keratan sulfate/keratin metabolism (R-HSA-1638074); Mucopolysaccharidoses (R-HSA-2206281)
MONDO:0009658,MONDO:0001586,MPS IIID (Sanfilippo D),MPS I (Hurler),0.2175,0.1098,0.1745,Anteverted nares (HP:0000463); Wide mouth (HP:0000154); Recurrent otitis media (HP:0000403); Aplasia/Hypoplasia involving the vertebral column (HP:0008518); Thick eyebrow (HP:0000574),Mucopolysaccharidoses (R-HSA-2206281); Diseases of carbohydrate metabolism (R-HSA-5663084); Glycosaminoglycan metabolism (R-HSA-1630316)
MONDO:0009658,MONDO:0010674,MPS IIID (Sanfilippo D),MPS II (Hunter),0.2024,0.1098,0.1654,Sleep-wake cycle disturbance (HP:0006979); Recurrent otitis media (HP:0000403); Abnormal oral physiology (HP:0031815); Aggressive behavior (HP:0000718); Hip dysplasia (HP:0001385),Mucopolysaccharidoses (R-HSA-2206281); Diseases of carbohydrate metabolism (R-HSA-5663084); Glycosaminoglycan metabolism (R-HSA-1630316)
MONDO:0008767,MONDO:0011144,CLN3 disease,CLN6 disease (6A),0.1632,0.0,0.1632,Fingerprint intracellular accumulation of autofluorescent lipopigment storage material (HP:0003208); Curvilinear intracellular accumulation of autofluorescent lipopigment storage material (HP:0003205); Progressive visual loss (HP:0000529); Increased neuronal autofluorescent lipopigment (HP:0002074); Retinal degeneration (HP:0000546),
MONDO:0010006,MONDO:0009499,Sandhoff disease,Krabbe disease,0.1836,0.1306,0.1624,Acroparesthesia (HP:0031006); Sensory neuropathy (HP:0000763); Erectile dysfunction (HP:0100639); Peripheral axonal neuropathy (HP:0003477); Hypoesthesia (HP:0033748),Sphingolipid metabolism (R-HSA-428157); Glycosphingolipid metabolism (R-HSA-1660662); Glycosphingolipid catabolism (R-HSA-9840310)
MONDO:0009744,MONDO:0012588,CLN1 disease,CLN7 disease,0.1553,0.0,0.1553,EEG abnormality (HP:0002353); Blindness (HP:0000618); Visual loss (HP:0000572); Sleep disturbance (HP:0002360); Optic atrophy (HP:0000648),
MONDO:0009745,MONDO:0012588,CLN5 disease,CLN7 disease,0.1553,0.0,0.1553,Cerebellar atrophy (HP:0001272); Visual loss (HP:0000572); Cerebral atrophy (HP:0002059); Abnormal nervous system electrophysiology (HP:0001311); Ataxia (HP:0001251),
MONDO:0018149,MONDO:0010674,GM1 gangliosidosis,MPS II (Hunter),0.1676,0.1208,0.1489,Severe short stature (HP:0003510); Abnormal morphology of the great vessels (HP:0030962); Flexion contracture of digit (HP:0030044); Pneumonia (HP:0002090); Mongolian blue spot (HP:0011369),Chondroitin sulfate/dermatan sulfate metabolism (R-HSA-1793185); CS/DS degradation (R-HSA-2024101); Mucopolysaccharidoses (R-HSA-2206281)
MONDO:0010830,MONDO:0010100,CLN8 disease,Tay-Sachs disease,0.1432,0.0,0.1432,Focal impaired awareness seizure (HP:0002384); Abnormal thalamic MRI signal intensity (HP:0012696); Frequent falls (HP:0002359); Gastrostomy tube feeding in infancy (HP:0011471); Generalized-onset seizure (HP:0002197),
MONDO:0009561,MONDO:0001586,Alpha-mannosidosis,MPS I (Hurler),0.2364,0.0,0.1418,Cranial hyperostosis (HP:0004437); Chronic otitis media (HP:0000389); Abnormal paranasal sinus morphology (HP:0000245); Avascular necrosis (HP:0010885); Low anterior hairline (HP:0000294),
MONDO:0010100,MONDO:0009499,Tay-Sachs disease,Krabbe disease,0.1617,0.1064,0.1395,Limb-girdle muscle weakness (HP:0003325); Hypointensity of cerebral white matter on MRI (HP:0007103); Global brain atrophy (HP:0002283); Poor head control (HP:0002421); Ankle clonus (HP:0011448),Sphingolipid metabolism (R-HSA-428157); Glycosphingolipid metabolism (R-HSA-1660662); Glycosphingolipid catabolism (R-HSA-9840310)
MONDO:0008767,MONDO:0012588,CLN3 disease,CLN7 disease,0.1389,0.0,0.1389,Blindness (HP:0000618); Visual loss (HP:0000572); Abnormal cerebellum morphology (HP:0001317); Optic atrophy (HP:0000648); Cerebral atrophy (HP:0002059),
MONDO:0018149,MONDO:0009561,GM1 gangliosidosis,Alpha-mannosidosis,0.2106,0.0226,0.1354,Thickened calvaria (HP:0002684); Macrotia (HP:0000400); Platyspondyly (HP:0000926); Abnormal cortical bone morphology (HP:0003103); Depressed nasal ridge (HP:0000457),Neutrophil degranulation (R-HSA-6798695)
MONDO:0009658,MONDO:0010006,MPS IIID (Sanfilippo D),Sandhoff disease,0.1269,0.1454,0.1343,Insomnia (HP:0100785); Limb joint contracture (HP:0003121); Mitral regurgitation (HP:0001653); Skeletal dysplasia (HP:0002652); Macroglossia (HP:0000158),Keratan sulfate degradation (R-HSA-2022857); Keratan sulfate/keratin metabolism (R-HSA-1638074); Neutrophil degranulation (R-HSA-6798695)
MONDO:0010006,MONDO:0018868,Sandhoff disease,Metachromatic leukodystrophy,0.1417,0.1138,0.1305,Orthostatic hypotension (HP:0001278); Urinary incontinence (HP:0000020); Progressive psychomotor deterioration (HP:0007272); Diminished deep tendon reflex (HP:0001315); Incoordination (HP:0002311),Sphingolipid metabolism (R-HSA-428157); Glycosphingolipid metabolism (R-HSA-1660662); Glycosphingolipid catabolism (R-HSA-9840310)
MONDO:0010830,MONDO:0018868,CLN8 disease,Metachromatic leukodystrophy,0.1229,0.0,0.1229,Hyperintensity of cerebral white matter on MRI (HP:0030890); Abnormality of visual evoked potentials (HP:0000649); Diagnostic behavioral phenotype (HP:0025783); Frequent falls (HP:0002359); Gastrostomy tube feeding in infancy (HP:0011471),
MONDO:0009744,MONDO:0008769,CLN1 disease,CLN2 disease,0.2016,0.0,0.121,Undetectable electroretinogram (HP:0000550); Abnormal tissue enzyme concentration or activity (HP:6000231); Progressive visual loss (HP:0000529); Increased neuronal autofluorescent lipopigment (HP:0002074); Retinal degeneration (HP:0000546),
MONDO:0009658,MONDO:0009561,MPS IIID (Sanfilippo D),Alpha-mannosidosis,0.1612,0.0507,0.117,Prominent forehead (HP:0011220); Abnormal pinna morphology (HP:0000377); Abnormal thoracic spine morphology (HP:0100711); Thick eyebrow (HP:0000574); Hip dysplasia (HP:0001385),Neutrophil degranulation (R-HSA-6798695)
MONDO:0010006,MONDO:0010674,Sandhoff disease,MPS II (Hunter),0.1239,0.1059,0.1167,Abnormal mitral valve morphology (HP:0001633); Full cheeks (HP:0000293); Chronic diarrhea (HP:0002028); Abnormal systemic blood pressure (HP:0030972); Congestive heart failure (HP:0001635),CS/DS degradation (R-HSA-2024101); Chondroitin sulfate/dermatan sulfate metabolism (R-HSA-1793185); Glycosaminoglycan metabolism (R-HSA-1630316)
MONDO:0010100,MONDO:0018868,Tay-Sachs disease,Metachromatic leukodystrophy,0.1326,0.0927,0.1166,Memory impairment (HP:0002354); Incoordination (HP:0002311); Progressive spasticity (HP:0002191); Vegetative state (HP:0031358); Muscle spasm (HP:0003394),Sphingolipid metabolism (R-HSA-428157); Glycosphingolipid metabolism (R-HSA-1660662); Glycosphingolipid catabolism (R-HSA-9840310)
MONDO:0010006,MONDO:0001586,Sandhoff disease,MPS I (Hurler),0.1229,0.1059,0.1161,Full cheeks (HP:0000293); Chronic diarrhea (HP:0002028); Paresthesia (HP:0003401); Abnormal systemic blood pressure (HP:0030972); Congestive heart failure (HP:0001635),CS/DS degradation (R-HSA-2024101); Chondroitin sulfate/dermatan sulfate metabolism (R-HSA-1793185); Glycosaminoglycan metabolism (R-HSA-1630316)
MONDO:0018149,MONDO:0009499,GM1 gangliosidosis,Krabbe disease,0.1282,0.0932,0.1142,Diffuse cerebral atrophy (HP:0002506); Slurred speech (HP:0001350); Brain imaging abnormality (HP:0410263); Gastroesophageal reflux (HP:0002020); Weight loss (HP:0001824),Sphingolipid metabolism (R-HSA-428157); Glycosphingolipid metabolism (R-HSA-1660662); Glycosphingolipid catabolism (R-HSA-9840310)
MONDO:0009658,MONDO:0010100,MPS IIID (Sanfilippo D),Tay-Sachs disease,0.1034,0.1177,0.1091,Limited elbow movement (HP:0002996); Drooling (HP:0002307); Absent speech (HP:0001344); Tube feeding (HP:0033454); Macrocephaly (HP:0000256),Keratan sulfate degradation (R-HSA-2022857); Keratan sulfate/keratin metabolism (R-HSA-1638074); Glycosaminoglycan metabolism (R-HSA-1630316)
MONDO:0011144,MONDO:0010830,CLN6 disease (6A),CLN8 disease,0.1054,0.0,0.1054,Fingerprint intracellular accumulation of autofluorescent lipopigment storage material (HP:0003208); Curvilinear intracellular accumulation of autofluorescent lipopigment storage material (HP:0003205); Progressive visual loss (HP:0000529); Increased neuronal autofluorescent lipopigment (HP:0002074); Motor deterioration (HP:0002333),
MONDO:0010830,MONDO:0009653,CLN8 disease,Mucolipidosis IV,0.1044,0.0,0.1044,Spastic tetraplegia (HP:0002510); EEG abnormality (HP:0002353); Abnormal electroretinogram (HP:0000512); Abnormal cerebral white matter morphology (HP:0002500); Cerebellar atrophy (HP:0001272),
MONDO:0009561,MONDO:0010674,Alpha-mannosidosis,MPS II (Hunter),0.1692,0.0,0.1015,Conductive hearing impairment (HP:0000405); Arthritis (HP:0001369); Communicating hydrocephalus (HP:0001334); Prominent supraorbital ridges (HP:0000336); Abnormal spinal cord morphology (HP:0002143),
MONDO:0010830,MONDO:0009499,CLN8 disease,Krabbe disease,0.0999,0.0,0.0999,Hyperintensity of cerebral white matter on MRI (HP:0030890); Irritability (HP:0000737); Abnormality of visual evoked potentials (HP:0000649); Generalized myoclonic seizure (HP:0002123); Frequent falls (HP:0002359),
MONDO:0009657,MONDO:0018149,MPS IIIC (Sanfilippo C),GM1 gangliosidosis,0.0957,0.0878,0.0925,Beaking of vertebral bodies (HP:0004568); Abnormal bone structure (HP:0003330); Abnormal lip morphology (HP:0000159); Kyphosis (HP:0002808); Hirsutism (HP:0001007),Mucopolysaccharidoses (R-HSA-2206281); Diseases of carbohydrate metabolism (R-HSA-5663084); Neutrophil degranulation (R-HSA-6798695)
MONDO:0012588,MONDO:0009653,CLN7 disease,Mucolipidosis IV,0.0915,0.0,0.0915,Abnormal retinal pigmentation (HP:0007703); Retinopathy (HP:0000488); EEG abnormality (HP:0002353); Cerebellar atrophy (HP:0001272); Delayed speech and language development (HP:0000750),
MONDO:0011144,MONDO:0012588,CLN6 disease (6A),CLN7 disease,0.0914,0.0,0.0914,Visual loss (HP:0000572); Abnormal nervous system electrophysiology (HP:0001311); Abnormal retinal morphology (HP:0000479); Atrophy/Degeneration affecting the central nervous system (HP:0007367); Mental deterioration (HP:0001268),
MONDO:0010830,MONDO:0010006,CLN8 disease,Sandhoff disease,0.0883,0.0,0.0883,Autistic behavior (HP:0000729); Abnormal thalamic MRI signal intensity (HP:0012696); Bilateral tonic-clonic seizure (HP:0002069); Myoclonic seizure (HP:0032794); Gait ataxia (HP:0002066),
MONDO:0009744,MONDO:0011144,CLN1 disease,CLN6 disease (6A),0.0877,0.0,0.0877,Progressive visual loss (HP:0000529); Increased neuronal autofluorescent lipopigment (HP:0002074); Retinal degeneration (HP:0000546); Abnormal nervous system electrophysiology (HP:0001311); Mental deterioration (HP:0001268),
MONDO:0010100,MONDO:0010674,Tay-Sachs disease,MPS II (Hunter),0.0732,0.1089,0.0875,Abnormal oral physiology (HP:0031815); Abnormality of the voice (HP:0001608); Pneumonia (HP:0002090); Abnormal respiratory system physiology (HP:0002795); Abnormal cerebral ventricle morphology (HP:0002118),CS/DS degradation (R-HSA-2024101); Chondroitin sulfate/dermatan sulfate metabolism (R-HSA-1793185); Glycosaminoglycan metabolism (R-HSA-1630316)
MONDO:0009744,MONDO:0009653,CLN1 disease,Mucolipidosis IV,0.1447,0.0,0.0868,Microcephaly (HP:0000252); Decreased light- and dark-adapted electroretinogram amplitude (HP:0000654); EEG abnormality (HP:0002353); Generalized hypotonia (HP:0001290); Retinal degeneration (HP:0000546),
MONDO:0008767,MONDO:0010100,CLN3 disease,Tay-Sachs disease,0.0855,0.0,0.0855,Psychomotor deterioration (HP:0002361); Abnormality of extrapyramidal motor function (HP:0002071); Anxiety (HP:0000739); Psychosis (HP:0000709); Inability to walk (HP:0002540),
MONDO:0008767,MONDO:0009757,CLN3 disease,Niemann-Pick type C1,0.0848,0.0,0.0848,Psychosis (HP:0000709); Dementia (HP:0000726); Abnormal leukocyte morphology (HP:0001881); Abnormal cellular physiology (HP:0011017); Dysarthria (HP:0001260),
MONDO:0009657,MONDO:0009561,MPS IIIC (Sanfilippo C),Alpha-mannosidosis,0.088,0.0758,0.0831,Motor delay (HP:0001270); Abnormality of bone mineral density (HP:0004348); Kyphosis (HP:0002808); Abnormal eyebrow morphology (HP:0000534); Thickened ribs (HP:0000900),Neutrophil degranulation (R-HSA-6798695)
MONDO:0010100,MONDO:0001586,Tay-Sachs disease,MPS I (Hurler),0.0639,0.1089,0.0819,Abnormality of the voice (HP:0001608); Abnormality of the elbow (HP:0009811); Abnormality of the knee (HP:0002815); Abnormal appendicular muscle morphology (HP:0009127); Abnormal respiratory system physiology (HP:0002795),CS/DS degradation (R-HSA-2024101); Chondroitin sulfate/dermatan sulfate metabolism (R-HSA-1793185); Glycosaminoglycan metabolism (R-HSA-1630316)
MONDO:0009657,MONDO:0010006,MPS IIIC (Sanfilippo C),Sandhoff disease,0.0961,0.0571,0.0805,Kyphosis (HP:0002808); Motor deterioration (HP:0002333); Diarrhea (HP:0002014); Abnormal oral cavity morphology (HP:0000163); Abnormal urine metabolite level (HP:0033354),Neutrophil degranulation (R-HSA-6798695); Glycosaminoglycan metabolism (R-HSA-1630316)
MONDO:0009655,MONDO:0018149,MPS IIIA (Sanfilippo A),GM1 gangliosidosis,0.0877,0.0666,0.0793,Abnormal bone structure (HP:0003330); Inguinal hernia (HP:0000023); Hirsutism (HP:0001007); Thickened ribs (HP:0000900); Urinary glycosaminoglycan excretion (HP:0003541),Mucopolysaccharidoses (R-HSA-2206281); Diseases of carbohydrate metabolism (R-HSA-5663084); Glycosaminoglycan metabolism (R-HSA-1630316)
MONDO:0010006,MONDO:0009561,Sandhoff disease,Alpha-mannosidosis,0.108,0.036,0.0792,Cerebral cortical atrophy (HP:0002120); Oligosacchariduria (HP:0010471); Axial hypotonia (HP:0008936); Abnormal midface morphology (HP:0000309); Anxiety (HP:0000739),Neutrophil degranulation (R-HSA-6798695)
MONDO:0010830,MONDO:0009757,CLN8 disease,Niemann-Pick type C1,0.0782,0.0,0.0782,Gait ataxia (HP:0002066); Dementia (HP:0000726); Loss of speech (HP:0002371); Abnormal vascular morphology (HP:0025015); Dysphagia (HP:0002015),
MONDO:0018149,MONDO:0018868,GM1 gangliosidosis,Metachromatic leukodystrophy,0.0665,0.0843,0.0736,Floppy infant (HP:0008947); Progressive psychomotor deterioration (HP:0007272); Gastrostomy tube feeding in infancy (HP:0011471); Decerebrate rigidity (HP:0025013); Pain (HP:0012531),Sphingolipid metabolism (R-HSA-428157); Glycosphingolipid metabolism (R-HSA-1660662); Glycosphingolipid catabolism (R-HSA-9840310)
MONDO:0009745,MONDO:0009757,CLN5 disease,Niemann-Pick type C1,0.0733,0.0,0.0733,Abnormal leukocyte morphology (HP:0001881); Abnormality of eye movement (HP:0000496); Abnormal cellular physiology (HP:0011017); Dysarthria (HP:0001260); Gait disturbance (HP:0001288),
MONDO:0009499,MONDO:0009561,Krabbe disease,Alpha-mannosidosis,0.0942,0.0399,0.0725,Increased intracranial pressure (HP:0002516); Paraplegia/paraparesis (HP:0010551); Abnormal corpus callosum morphology (HP:0001273); Lower limb spasticity (HP:0002061); Axial hypotonia (HP:0008936),Neutrophil degranulation (R-HSA-6798695)
MONDO:0009656,MONDO:0018149,MPS IIIB (Sanfilippo B),GM1 gangliosidosis,0.0756,0.0666,0.072,Abnormal bone structure (HP:0003330); Hirsutism (HP:0001007); Thickened ribs (HP:0000900); Urinary glycosaminoglycan excretion (HP:0003541); Hypertrophic cardiomyopathy (HP:0001639),Mucopolysaccharidoses (R-HSA-2206281); Diseases of carbohydrate metabolism (R-HSA-5663084); Glycosaminoglycan metabolism (R-HSA-1630316)
MONDO:0010100,MONDO:0009653,Tay-Sachs disease,Mucolipidosis IV,0.116,0.0,0.0696,Abnormal knee physiology (HP:0034670); Abnormality of the endocrine system (HP:0000818); Ganglioside accumulation (HP:0004345); Absent speech (HP:0001344); Abnormality of the upper limb (HP:0002817),
MONDO:0011873,MONDO:0009561,Niemann-Pick type C2,Alpha-mannosidosis,0.0398,0.1137,0.0694,Generalized abnormality of skin (HP:0011354); Abnormal conjugate eye movement (HP:0000549); Abnormal leukocyte morphology (HP:0001881); Loss of speech (HP:0002371); Abnormal experience of reality (HP:5200423),Neutrophil degranulation (R-HSA-6798695)
MONDO:0009745,MONDO:0009653,CLN5 disease,Mucolipidosis IV,0.0689,0.0,0.0689,Nystagmus (HP:0000639); Cerebellar atrophy (HP:0001272); Retinal degeneration (HP:0000546); Abnormal nervous system electrophysiology (HP:0001311); Abnormal cellular physiology (HP:0011017),
MONDO:0008767,MONDO:0011873,CLN3 disease,Niemann-Pick type C2,0.0681,0.0,0.0681,Psychosis (HP:0000709); Dementia (HP:0000726); Abnormal leukocyte morphology (HP:0001881); Dysarthria (HP:0001260); Abnormal cardiovascular system morphology (HP:0030680),
MONDO:0009657,MONDO:0011873,MPS IIIC (Sanfilippo C),Niemann-Pick type C2,0.0679,0.0672,0.0676,Loss of speech (HP:0002371); Recurrent maladaptive behavior (HP:5200241); Dysphagia (HP:0002015); Hepatomegaly (HP:0002240); Splenomegaly (HP:0001744),Neutrophil degranulation (R-HSA-6798695)
MONDO:0010830,MONDO:0018149,CLN8 disease,GM1 gangliosidosis,0.0667,0.0,0.0667,Motor regression (HP:0033044); Unsteady gait (HP:0002317); Generalized myoclonic seizure (HP:0002123); Gastrostomy tube feeding in infancy (HP:0011471); Spastic tetraplegia (HP:0002510),
MONDO:0009657,MONDO:0008767,MPS IIIC (Sanfilippo C),CLN3 disease,0.0643,0.0,0.0643,Rod-cone dystrophy (HP:0000510); Hypertrophic cardiomyopathy (HP:0001639); Abnormal cellular physiology (HP:0011017); Intellectual disability (HP:0001249); Abnormal speech pattern (HP:0002167),
MONDO:0018149,MONDO:0009653,GM1 gangliosidosis,Mucolipidosis IV,0.1071,0.0,0.0642,Developmental stagnation (HP:0007281); Ganglioside accumulation (HP:0004345); Opacification of the corneal stroma (HP:0007759); Thickened skin (HP:0001072); Aplasia/Hypoplasia of the abdominal wall musculature (HP:0010318),
MONDO:0008767,MONDO:0010006,CLN3 disease,Sandhoff disease,0.0637,0.0,0.0637,Abnormality of extrapyramidal motor function (HP:0002071); Anxiety (HP:0000739); Bilateral tonic-clonic seizure (HP:0002069); Abnormal macular morphology (HP:0001103); Blindness (HP:0000618),
MONDO:0009499,MONDO:0009653,Krabbe disease,Mucolipidosis IV,0.1058,0.0,0.0635,Photophobia (HP:0000613); Cerebral dysmyelination (HP:0007266); Abnormal corpus callosum morphology (HP:0001273); Decreased head circumference (HP:0040195); Aplasia/Hypoplasia of the abdominal wall musculature (HP:0010318),
MONDO:0009499,MONDO:0001586,Krabbe disease,MPS I (Hurler),0.1036,0.0,0.0621,Spastic paraparesis (HP:0002313); Apnea (HP:0002104); Hemiplegia/hemiparesis (HP:0004374); Abnormality of the musculature of the upper limbs (HP:0001446); Abnormal finger morphology (HP:0001167),
MONDO:0010830,MONDO:0011873,CLN8 disease,Niemann-Pick type C2,0.0611,0.0,0.0611,Dementia (HP:0000726); Loss of speech (HP:0002371); Abnormal vascular morphology (HP:0025015); Dysphagia (HP:0002015); Spasticity (HP:0001257),
MONDO:0009745,MONDO:0010100,CLN5 disease,Tay-Sachs disease,0.0601,0.0,0.0601,Dysmetria (HP:0001310); Clumsiness (HP:0002312); Inability to walk (HP:0002540); Tremor (HP:0001337); Cerebellar atrophy (HP:0001272),
MONDO:0008767,MONDO:0009653,CLN3 disease,Mucolipidosis IV,0.0597,0.0,0.0597,Abnormal anterior eye segment morphology (HP:0004328); Abnormal electroretinogram (HP:0000512); Retinal degeneration (HP:0000546); Abnormal cerebellum morphology (HP:0001317); Optic atrophy (HP:0000648),
MONDO:0009656,MONDO:0010006,MPS IIIB (Sanfilippo B),Sandhoff disease,0.0814,0.0268,0.0595,Cardiomegaly (HP:0001640); Diarrhea (HP:0002014); Progressive neurologic deterioration (HP:0002344); Sleep disturbance (HP:0002360); Abnormal urine metabolite level (HP:0033354),Glycosaminoglycan metabolism (R-HSA-1630316)
MONDO:0009655,MONDO:0010006,MPS IIIA (Sanfilippo A),Sandhoff disease,0.0778,0.0268,0.0574,Diarrhea (HP:0002014); Growth abnormality (HP:0001507); Sleep disturbance (HP:0002360); Abnormal heart morphology (HP:0001627); Abnormal curvature of the vertebral column (HP:0010674),Glycosaminoglycan metabolism (R-HSA-1630316)
MONDO:0009744,MONDO:0010100,CLN1 disease,Tay-Sachs disease,0.0953,0.0,0.0572,Psychomotor deterioration (HP:0002361); Depression (HP:0000716); Abnormal macular morphology (HP:0001103); Blindness (HP:0000618); Generalized hypotonia (HP:0001290),
MONDO:0010006,MONDO:0009653,Sandhoff disease,Mucolipidosis IV,0.0946,0.0,0.0568,Sensory hypersensitivity (HP:5200058); Abnormal glycosphingolipid metabolism (HP:0004343); Abnormal CNS myelination (HP:0011400); Abnormal pyramidal sign (HP:0007256); Dystonia (HP:0001332),
MONDO:0009744,MONDO:0009757,CLN1 disease,Niemann-Pick type C1,0.0941,0.0,0.0564,Generalized hypotonia (HP:0001290); Abnormal leukocyte morphology (HP:0001881); Loss of speech (HP:0002371); Abnormal experience of reality (HP:5200423); Abnormal vascular morphology (HP:0025015),
MONDO:0009745,MONDO:0011873,CLN5 disease,Niemann-Pick type C2,0.0559,0.0,0.0559,Abnormal leukocyte morphology (HP:0001881); Abnormality of eye movement (HP:0000496); Dysarthria (HP:0001260); Ataxia (HP:0001251); Abnormal cerebral morphology (HP:0002060),
MONDO:0011873,MONDO:0010006,Niemann-Pick type C2,Sandhoff disease,0.0705,0.034,0.0559,Abnormal circulating organic compound concentration (HP:0430071); Abnormal systemic arterial morphology (HP:0011004); Dystonia (HP:0001332); Abnormal experience of reality (HP:5200423); Abnormal circulating enzyme concentration or activity (HP:0012379),Neutrophil degranulation (R-HSA-6798695)
MONDO:0018868,MONDO:0009561,Metachromatic leukodystrophy,Alpha-mannosidosis,0.0716,0.0321,0.0558,Delusion (HP:0000746); Unusual gastrointestinal infection (HP:0032166); Hallucinations (HP:0000738); Abnormal leukocyte enzyme concentration or activity (HP:0034858); Babinski sign (HP:0003487),Neutrophil degranulation (R-HSA-6798695)
MONDO:0009499,MONDO:0010674,Krabbe disease,MPS II (Hunter),0.092,0.0,0.0552,Muscle stiffness (HP:0003552); Arrhythmia (HP:0011675); Decreased nerve conduction velocity (HP:0000762); Abnormal hand morphology (HP:0005922); Neurodegeneration (HP:0002180),
MONDO:0009658,MONDO:0009653,MPS IIID (Sanfilippo D),Mucolipidosis IV,0.0918,0.0,0.0551,Abnormal palm morphology (HP:0100871); Abnormality of mucopolysaccharide metabolism (HP:0011020); Absent speech (HP:0001344); Abnormal lower lip morphology (HP:0000178); Abnormal nasal morphology (HP:0005105),
MONDO:0009745,MONDO:0010006,CLN5 disease,Sandhoff disease,0.0545,0.0,0.0545,Cerebral cortical atrophy (HP:0002120); Tremor (HP:0001337); Motor deterioration (HP:0002333); Cerebellar atrophy (HP:0001272); Myoclonus (HP:0001336),
MONDO:0009561,MONDO:0009653,Alpha-mannosidosis,Mucolipidosis IV,0.0897,0.0,0.0538,Abnormal corpus callosum morphology (HP:0001273); Abnormality of the endocrine system (HP:0000818); Babinski sign (HP:0003487); Abnormality of the knee (HP:0002815); Strabismus (HP:0000486),
MONDO:0011873,MONDO:0018149,Niemann-Pick type C2,GM1 gangliosidosis,0.0747,0.0217,0.0535,Foam cells (HP:0003651); Abnormal fetal morphology (HP:0034058); Sea-blue histiocytosis (HP:0001982); Generalized abnormality of skin (HP:0011354); Abnormal conjugate eye movement (HP:0000549),Neutrophil degranulation (R-HSA-6798695)
MONDO:0009655,MONDO:0009561,MPS IIIA (Sanfilippo A),Alpha-mannosidosis,0.089,0.0,0.0534,Abnormal leukocyte enzyme concentration or activity (HP:0034858); Abnormality of bone mineral density (HP:0004348); Umbilical hernia (HP:0001537); Abnormal eyebrow morphology (HP:0000534); Inguinal hernia (HP:0000023),
MONDO:0010100,MONDO:0009561,Tay-Sachs disease,Alpha-mannosidosis,0.0886,0.0,0.0531,Gliosis (HP:0002171); Abnormality of the endocrine system (HP:0000818); Abnormality of the ankle (HP:0003028); Abnormality of the knee (HP:0002815); Anxiety (HP:0000739),
MONDO:0012588,MONDO:0010100,CLN7 disease,Tay-Sachs disease,0.053,0.0,0.053,Generalized-onset seizure (HP:0002197); Blindness (HP:0000618); Cerebellar atrophy (HP:0001272); Delayed speech and language development (HP:0000750); Optic atrophy (HP:0000648),
MONDO:0009657,MONDO:0010830,MPS IIIC (Sanfilippo C),CLN8 disease,0.0529,0.0,0.0529,Motor deterioration (HP:0002333); Loss of speech (HP:0002371); Abnormally increased volition (HP:5200263); Dysphagia (HP:0002015); Abnormal cellular physiology (HP:0011017),
MONDO:0009657,MONDO:0009653,MPS IIIC (Sanfilippo C),Mucolipidosis IV,0.0878,0.0,0.0527,Everted lower lip vermilion (HP:0000232); Abnormality of mucopolysaccharide metabolism (HP:0011020); Abnormality of the nose (HP:0000366); Coarse facial features (HP:0000280); Abnormal calvaria morphology (HP:0002683),
MONDO:0009653,MONDO:0001586,Mucolipidosis IV,MPS I (Hurler),0.0861,0.0,0.0516,Microdontia (HP:0000691); Opacification of the corneal stroma (HP:0007759); Thickened skin (HP:0001072); Everted lower lip vermilion (HP:0000232); Abnormality of the knee (HP:0002815),
MONDO:0018868,MONDO:0009653,Metachromatic leukodystrophy,Mucolipidosis IV,0.085,0.0,0.051,Babinski sign (HP:0003487); Spastic tetraplegia (HP:0002510); Abnormal glycosphingolipid metabolism (HP:0004343); Abnormal CNS myelination (HP:0011400); Abnormality of central nervous system electrophysiology (HP:0030178),
MONDO:0008767,MONDO:0018868,CLN3 disease,Metachromatic leukodystrophy,0.0509,0.0,0.0509,Abnormal judgment (HP:5200401); Loss of ambulation (HP:0002505); Psychosis (HP:0000709); Dementia (HP:0000726); Abnormal visual electrophysiology (HP:0030453),
MONDO:0009658,MONDO:0010830,MPS IIID (Sanfilippo D),CLN8 disease,0.0508,0.0,0.0508,Restlessness (HP:0000711); Tube feeding (HP:0033454); Cerebellar atrophy (HP:0001272); Delayed speech and language development (HP:0000750); Dysphagia (HP:0002015),
MONDO:0009744,MONDO:0011873,CLN1 disease,Niemann-Pick type C2,0.0813,0.0,0.0488,Abnormal leukocyte morphology (HP:0001881); Loss of speech (HP:0002371); Abnormal experience of reality (HP:5200423); Abnormal vascular morphology (HP:0025015); Hypotonia (HP:0001252),
MONDO:0009653,MONDO:0010674,Mucolipidosis IV,MPS II (Hunter),0.0813,0.0,0.0488,Abnormal retinal pigmentation (HP:0007703); Abnormal full-field electroretinogram (HP:0030466); Abnormal dental morphology (HP:0006482); Retinopathy (HP:0000488); Abnormal lower lip morphology (HP:0000178),
MONDO:0011873,MONDO:0010100,Niemann-Pick type C2,Tay-Sachs disease,0.0785,0.0,0.0471,Abnormal circulating organic compound concentration (HP:0430071); Psychosis (HP:0000709); Abnormal respiratory system physiology (HP:0002795); Dementia (HP:0000726); Abnormal systemic arterial morphology (HP:0011004),
MONDO:0009658,MONDO:0009499,MPS IIID (Sanfilippo D),Krabbe disease,0.0606,0.0265,0.047,Hyperactivity (HP:0000752); Tube feeding (HP:0033454); Abnormal appendicular skeleton morphology (HP:0011844); Pes cavus (HP:0001761); Abnormality of the hand (HP:0001155),Neutrophil degranulation (R-HSA-6798695)
MONDO:0012588,MONDO:0009499,CLN7 disease,Krabbe disease,0.0463,0.0,0.0463,Neurodegeneration (HP:0002180); Generalized myoclonic seizure (HP:0002123); EEG abnormality (HP:0002353); Blindness (HP:0000618); Visual loss (HP:0000572),
MONDO:0009757,MONDO:0010100,Niemann-Pick type C1,Tay-Sachs disease,0.077,0.0,0.0462,Abnormal circulating organic compound concentration (HP:0430071); Psychosis (HP:0000709); Dementia (HP:0000726); Abnormal systemic arterial morphology (HP:0011004); Dystonia (HP:0001332),
MONDO:0012588,MONDO:0010006,CLN7 disease,Sandhoff disease,0.0461,0.0,0.0461,Myoclonic seizure (HP:0032794); Blindness (HP:0000618); Cerebellar atrophy (HP:0001272); Sleep disturbance (HP:0002360); Cerebral atrophy (HP:0002059),
MONDO:0008767,MONDO:0018149,CLN3 disease,GM1 gangliosidosis,0.0457,0.0,0.0457,Abnormality of extrapyramidal motor function (HP:0002071); Bilateral tonic-clonic seizure (HP:0002069); Vacuolated lymphocytes (HP:0001922); Abnormal anterior eye segment morphology (HP:0004328); Abnormal macular morphology (HP:0001103),
MONDO:0011873,MONDO:0018868,Niemann-Pick type C2,Metachromatic leukodystrophy,0.0548,0.0305,0.045,Abnormality of the biliary system (HP:0004297); Psychosis (HP:0000709); Dementia (HP:0000726); Dystonia (HP:0001332); Loss of speech (HP:0002371),Neutrophil degranulation (R-HSA-6798695)
MONDO:0009757,MONDO:0018149,Niemann-Pick type C1,GM1 gangliosidosis,0.0746,0.0,0.0447,Foam cells (HP:0003651); Abnormal fetal morphology (HP:0034058); Sea-blue histiocytosis (HP:0001982); Generalized abnormality of skin (HP:0011354); Abnormal conjugate eye movement (HP:0000549),
MONDO:0009744,MONDO:0010006,CLN1 disease,Sandhoff disease,0.0743,0.0,0.0446,Joint contracture (HP:0034392); Abnormal macular morphology (HP:0001103); Blindness (HP:0000618); Abnormal experience of reality (HP:5200423); Sleep disturbance (HP:0002360),
MONDO:0011873,MONDO:0009499,Niemann-Pick type C2,Krabbe disease,0.0489,0.0374,0.0443,Respiratory failure (HP:0002878); Abnormal conjugate eye movement (HP:0000549); Dementia (HP:0000726); Abnormal systemic arterial morphology (HP:0011004); Loss of speech (HP:0002371),Neutrophil degranulation (R-HSA-6798695)
MONDO:0009657,MONDO:0010100,MPS IIIC (Sanfilippo C),Tay-Sachs disease,0.0553,0.0268,0.0439,Abnormally increased volition (HP:5200263); Limitation of joint mobility (HP:0001376); Abnormality of the mouth (HP:0000153); Dysphagia (HP:0002015); Respiratory tract infection (HP:0011947),Glycosaminoglycan metabolism (R-HSA-1630316)
MONDO:0009757,MONDO:0010006,Niemann-Pick type C1,Sandhoff disease,0.0729,0.0,0.0437,Abnormal circulating organic compound concentration (HP:0430071); Gait ataxia (HP:0002066); Abnormal systemic arterial morphology (HP:0011004); Dystonia (HP:0001332); Abnormal experience of reality (HP:5200423),
MONDO:0009657,MONDO:0009499,MPS IIIC (Sanfilippo C),Krabbe disease,0.0507,0.0321,0.0432,Motor delay (HP:0001270); Hyperactivity (HP:0000752); Motor deterioration (HP:0002333); Scoliosis (HP:0002650); Loss of speech (HP:0002371),Neutrophil degranulation (R-HSA-6798695)
MONDO:0009658,MONDO:0011873,MPS IIID (Sanfilippo D),Niemann-Pick type C2,0.0403,0.0467,0.0428,Recurrent maladaptive behavior (HP:5200241); Dysphagia (HP:0002015); Hepatomegaly (HP:0002240); Splenomegaly (HP:0001744); Dysarthria (HP:0001260),Neutrophil degranulation (R-HSA-6798695)
MONDO:0009745,MONDO:0009499,CLN5 disease,Krabbe disease,0.0427,0.0,0.0427,Loss of ambulation (HP:0002505); Nystagmus (HP:0000639); Clumsiness (HP:0002312); Tremor (HP:0001337); Motor deterioration (HP:0002333),
MONDO:0008767,MONDO:0009561,CLN3 disease,Alpha-mannosidosis,0.0422,0.0,0.0422,Cataract (HP:0000518); Anxiety (HP:0000739); Vacuolated lymphocytes (HP:0001922); Retinal degeneration (HP:0000546); Abnormal cerebellum morphology (HP:0001317),
MONDO:0009745,MONDO:0018868,CLN5 disease,Metachromatic leukodystrophy,0.0421,0.0,0.0421,Loss of ambulation (HP:0002505); Clumsiness (HP:0002312); Tremor (HP:0001337); Motor deterioration (HP:0002333); Developmental regression (HP:0002376),
MONDO:0009744,MONDO:0009499,CLN1 disease,Krabbe disease,0.0701,0.0,0.0421,Irritability (HP:0000737); Decreased head circumference (HP:0040195); Psychomotor deterioration (HP:0002361); EEG abnormality (HP:0002353); Abnormal tissue enzyme concentration or activity (HP:6000231),
MONDO:0009656,MONDO:0009561,MPS IIIB (Sanfilippo B),Alpha-mannosidosis,0.0694,0.0,0.0417,Abnormality of bone mineral density (HP:0004348); Abnormal eyebrow morphology (HP:0000534); Thickened ribs (HP:0000900); Joint stiffness (HP:0001387); Hypertrichosis (HP:0000998),
MONDO:0008767,MONDO:0009499,CLN3 disease,Krabbe disease,0.041,0.0,0.041,Psychomotor deterioration (HP:0002361); Loss of ambulation (HP:0002505); Abnormal macular morphology (HP:0001103); Blindness (HP:0000618); Dementia (HP:0000726),
MONDO:0010830,MONDO:0009561,CLN8 disease,Alpha-mannosidosis,0.0407,0.0,0.0407,Optic disc pallor (HP:0000543); Gait ataxia (HP:0002066); Clumsiness (HP:0002312); Abnormal emotional state (HP:0100851); Appendicular spasticity (HP:0034353),
MONDO:0009745,MONDO:0009561,CLN5 disease,Alpha-mannosidosis,0.0405,0.0,0.0405,Cerebral cortical atrophy (HP:0002120); Nystagmus (HP:0000639); Vacuolated lymphocytes (HP:0001922); Clumsiness (HP:0002312); Cerebellar atrophy (HP:0001272),
MONDO:0009744,MONDO:0018868,CLN1 disease,Metachromatic leukodystrophy,0.0662,0.0,0.0397,Hallucinations (HP:0000738); Depression (HP:0000716); Abnormality of central nervous system electrophysiology (HP:0030178); Generalized hypotonia (HP:0001290); Loss of speech (HP:0002371),
MONDO:0009656,MONDO:0010100,MPS IIIB (Sanfilippo B),Tay-Sachs disease,0.0462,0.0276,0.0388,Abnormally increased volition (HP:5200263); Limitation of joint mobility (HP:0001376); Respiratory tract infection (HP:0011947); Abnormality of the face (HP:0000271); Abdominal symptom (HP:0011458),Glycosaminoglycan metabolism (R-HSA-1630316)
MONDO:0009657,MONDO:0009757,MPS IIIC (Sanfilippo C),Niemann-Pick type C1,0.0642,0.0,0.0385,Loss of speech (HP:0002371); Dysphagia (HP:0002015); Hepatomegaly (HP:0002240); Abnormal cellular physiology (HP:0011017); Splenomegaly (HP:0001744),
MONDO:0009757,MONDO:0018868,Niemann-Pick type C1,Metachromatic leukodystrophy,0.0634,0.0,0.0381,Abnormality of the biliary system (HP:0004297); Psychosis (HP:0000709); Gait ataxia (HP:0002066); Dementia (HP:0000726); Dystonia (HP:0001332),
MONDO:0018868,MONDO:0001586,Metachromatic leukodystrophy,MPS I (Hurler),0.0634,0.0,0.038,Abdominal distention (HP:0003270); Limb pain (HP:0009763); Weakness due to upper motor neuron dysfunction (HP:0010549); Abnormal systemic blood pressure (HP:0030972); Abnormal nerve conduction velocity (HP:0040129),
MONDO:0009655,MONDO:0010100,MPS IIIA (Sanfilippo A),Tay-Sachs disease,0.0449,0.0276,0.038,Abnormally increased volition (HP:5200263); Limitation of joint mobility (HP:0001376); Respiratory tract infection (HP:0011947); Abnormality of the face (HP:0000271); Abdominal symptom (HP:0011458),Glycosaminoglycan metabolism (R-HSA-1630316)
MONDO:0009757,MONDO:0009653,Niemann-Pick type C1,Mucolipidosis IV,0.0627,0.0,0.0376,Abnormal conjugate eye movement (HP:0000549); Dystonia (HP:0001332); Generalized hypotonia (HP:0001290); Abnormal skin morphology (HP:0011121); Abnormal cellular physiology (HP:0011017),
MONDO:0018868,MONDO:0010674,Metachromatic leukodystrophy,MPS II (Hunter),0.0623,0.0,0.0374,Abnormal intestine morphology (HP:0002242); Decreased nerve conduction velocity (HP:0000762); Abnormal systemic blood pressure (HP:0030972); Peripheral neuropathy (HP:0009830); Abnormal cerebrospinal fluid morphology (HP:0002921),
MONDO:0009657,MONDO:0009744,MPS IIIC (Sanfilippo C),CLN1 disease,0.0614,0.0,0.0368,Loss of speech (HP:0002371); Sleep disturbance (HP:0002360); Abnormality of connective tissue (HP:0003549); Abnormality of joint mobility (HP:0011729); Abnormal volitional state (HP:0025780),
MONDO:0009745,MONDO:0018149,CLN5 disease,GM1 gangliosidosis,0.036,0.0,0.036,Nystagmus (HP:0000639); Vacuolated lymphocytes (HP:0001922); Tremor (HP:0001337); Myoclonus (HP:0001336); Cerebral atrophy (HP:0002059),
MONDO:0009657,MONDO:0018868,MPS IIIC (Sanfilippo C),Metachromatic leukodystrophy,0.0413,0.0269,0.0356,Motor deterioration (HP:0002333); Loss of speech (HP:0002371); Recurrent maladaptive behavior (HP:5200241); Dysphagia (HP:0002015); Abnormal cellular physiology (HP:0011017),Neutrophil degranulation (R-HSA-6798695)
MONDO:0008769,MONDO:0009653,CLN2 disease,Mucolipidosis IV,0.0589,0.0,0.0354,Abnormal electroretinogram (HP:0000512); Delayed speech and language development (HP:0000750); Retinal degeneration (HP:0000546); Abnormal nervous system electrophysiology (HP:0001311); Abnormal cellular physiology (HP:0011017),
MONDO:0012588,MONDO:0018149,CLN7 disease,GM1 gangliosidosis,0.0354,0.0,0.0354,Generalized myoclonic seizure (HP:0002123); Retinopathy (HP:0000488); Blindness (HP:0000618); Delayed speech and language development (HP:0000750); Optic atrophy (HP:0000648),
MONDO:0009744,MONDO:0018149,CLN1 disease,GM1 gangliosidosis,0.0583,0.0,0.035,Flexion contracture (HP:0001371); Vacuolated lymphocytes (HP:0001922); Abnormal macular morphology (HP:0001103); Blindness (HP:0000618); Generalized hypotonia (HP:0001290),
MONDO:0009656,MONDO:0009744,MPS IIIB (Sanfilippo B),CLN1 disease,0.0562,0.0,0.0337,Abnormal tissue enzyme concentration or activity (HP:6000231); Sleep disturbance (HP:0002360); Abnormality of joint mobility (HP:0011729); Abnormal volitional state (HP:0025780); Abnormal skull morphology (HP:0000929),
MONDO:0009656,MONDO:0011873,MPS IIIB (Sanfilippo B),Niemann-Pick type C2,0.0561,0.0,0.0336,Recurrent maladaptive behavior (HP:5200241); Hepatomegaly (HP:0002240); Splenomegaly (HP:0001744); Abnormal lung morphology (HP:0002088); Abnormality of the integument (HP:0001574),
MONDO:0009655,MONDO:0011873,MPS IIIA (Sanfilippo A),Niemann-Pick type C2,0.0551,0.0,0.0331,Recurrent maladaptive behavior (HP:5200241); Hepatomegaly (HP:0002240); Splenomegaly (HP:0001744); Abnormal lung morphology (HP:0002088); Abnormality of the integument (HP:0001574),
MONDO:0009744,MONDO:0010674,CLN1 disease,MPS II (Hunter),0.0537,0.0,0.0322,Abnormal full-field electroretinogram (HP:0030466); Flexion contracture (HP:0001371); Sleep disturbance (HP:0002360); Retinal degeneration (HP:0000546); Abnormal vascular morphology (HP:0025015),
MONDO:0009655,MONDO:0009744,MPS IIIA (Sanfilippo A),CLN1 disease,0.053,0.0,0.0318,Sleep disturbance (HP:0002360); Abnormality of connective tissue (HP:0003549); Abnormality of joint mobility (HP:0011729); Abnormal volitional state (HP:0025780); Abnormal skull morphology (HP:0000929),
MONDO:0009658,MONDO:0018868,MPS IIID (Sanfilippo D),Metachromatic leukodystrophy,0.0378,0.0228,0.0318,Tube feeding (HP:0033454); Hyperreflexia (HP:0001347); Abnormal cardiovascular system physiology (HP:0011025); Recurrent maladaptive behavior (HP:5200241); Dysphagia (HP:0002015),Neutrophil degranulation (R-HSA-6798695)
MONDO:0011873,MONDO:0009653,Niemann-Pick type C2,Mucolipidosis IV,0.052,0.0,0.0312,Abnormal conjugate eye movement (HP:0000549); Dystonia (HP:0001332); Abnormal skin morphology (HP:0011121); Hypotonia (HP:0001252); Abnormal abdomen morphology (HP:0001438),
MONDO:0012588,MONDO:0009757,CLN7 disease,Niemann-Pick type C1,0.0309,0.0,0.0309,Ataxia (HP:0001251); Abnormal cerebral morphology (HP:0002060); Atrophy/Degeneration affecting the central nervous system (HP:0007367); Global developmental delay (HP:0001263); Abnormal speech pattern (HP:0002167),
MONDO:0009658,MONDO:0008767,MPS IIID (Sanfilippo D),CLN3 disease,0.0308,0.0,0.0308,Hypertrophic cardiomyopathy (HP:0001639); Abnormal cerebellum morphology (HP:0001317); Abnormal cellular physiology (HP:0011017); Dysarthria (HP:0001260); Gait disturbance (HP:0001288),
MONDO:0009744,MONDO:0009561,CLN1 disease,Alpha-mannosidosis,0.051,0.0,0.0306,Hallucinations (HP:0000738); Depression (HP:0000716); Vacuolated lymphocytes (HP:0001922); Generalized hypotonia (HP:0001290); Loss of speech (HP:0002371),
MONDO:0009656,MONDO:0008767,MPS IIIB (Sanfilippo B),CLN3 disease,0.0301,0.0,0.0301,Hypertrophic cardiomyopathy (HP:0001639); Intellectual disability (HP:0001249); Abnormality of the immune system (HP:0002715); Mental deterioration (HP:0001268); Seizure (HP:0001250),
MONDO:0009657,MONDO:0009745,MPS IIIC (Sanfilippo C),CLN5 disease,0.0286,0.0,0.0286,Motor deterioration (HP:0002333); Abnormal cellular physiology (HP:0011017); Abnormal retinal morphology (HP:0000479); Intellectual disability (HP:0001249); Abnormal speech pattern (HP:0002167),
MONDO:0010830,MONDO:0010674,CLN8 disease,MPS II (Hunter),0.0276,0.0,0.0276,Abnormal electroretinogram (HP:0000512); Abnormally increased volition (HP:5200263); Abnormal vascular morphology (HP:0025015); Developmental regression (HP:0002376); Abnormal nervous system electrophysiology (HP:0001311),
MONDO:0012588,MONDO:0018868,CLN7 disease,Metachromatic leukodystrophy,0.0274,0.0,0.0274,Abnormality of central nervous system electrophysiology (HP:0030178); Reduced visual acuity (HP:0007663); Optic atrophy (HP:0000648); Ataxia (HP:0001251); Abnormal cerebral morphology (HP:0002060),
MONDO:0009656,MONDO:0009757,MPS IIIB (Sanfilippo B),Niemann-Pick type C1,0.0451,0.0,0.0271,Hepatomegaly (HP:0002240); Splenomegaly (HP:0001744); Abnormality of the integument (HP:0001574); Abnormal enzyme concentration or activity (HP:0034684); Abnormal cardiovascular system morphology (HP:0030680),
MONDO:0009658,MONDO:0009744,MPS IIID (Sanfilippo D),CLN1 disease,0.0451,0.0,0.0271,Abnormal tissue enzyme concentration or activity (HP:6000231); Joint contracture (HP:0034392); Sleep disturbance (HP:0002360); Abnormality of skull size (HP:0000240); Abnormal volitional state (HP:0025780),
MONDO:0009655,MONDO:0008767,MPS IIIA (Sanfilippo A),CLN3 disease,0.027,0.0,0.027,Hypertrophic cardiomyopathy (HP:0001639); Intellectual disability (HP:0001249); Abnormality of the immune system (HP:0002715); Seizure (HP:0001250); Abnormality of metabolism/homeostasis (HP:0001939),
MONDO:0009657,MONDO:0011144,MPS IIIC (Sanfilippo C),CLN6 disease (6A),0.0269,0.0,0.0269,Motor deterioration (HP:0002333); Abnormal cellular physiology (HP:0011017); Abnormal retinal morphology (HP:0000479); Seizure (HP:0001250),
MONDO:0009655,MONDO:0009757,MPS IIIA (Sanfilippo A),Niemann-Pick type C1,0.0445,0.0,0.0267,Hepatomegaly (HP:0002240); Splenomegaly (HP:0001744); Abnormality of the integument (HP:0001574); Abnormal enzyme concentration or activity (HP:0034684); Abnormal cardiovascular system morphology (HP:0030680),
MONDO:0012588,MONDO:0011873,CLN7 disease,Niemann-Pick type C2,0.0264,0.0,0.0264,Ataxia (HP:0001251); Abnormal cerebral morphology (HP:0002060); Global developmental delay (HP:0001263); Abnormal speech pattern (HP:0002167); Mental deterioration (HP:0001268),
MONDO:0009757,MONDO:0009561,Niemann-Pick type C1,Alpha-mannosidosis,0.0437,0.0,0.0262,Generalized abnormality of skin (HP:0011354); Gait ataxia (HP:0002066); Abnormal conjugate eye movement (HP:0000549); Generalized hypotonia (HP:0001290); Abnormal leukocyte morphology (HP:0001881),
MONDO:0009744,MONDO:0001586,CLN1 disease,MPS I (Hurler),0.0435,0.0,0.0261,Flexion contracture (HP:0001371); Depression (HP:0000716); Abnormal tissue enzyme concentration or activity (HP:6000231); Sleep disturbance (HP:0002360); Retinal degeneration (HP:0000546),
MONDO:0008767,MONDO:0010674,CLN3 disease,MPS II (Hunter),0.0249,0.0,0.0249,Abnormal anterior eye segment morphology (HP:0004328); Abnormal electroretinogram (HP:0000512); Cardiomyopathy (HP:0001638); Retinal degeneration (HP:0000546); Optic atrophy (HP:0000648),
MONDO:0011144,MONDO:0009653,CLN6 disease (6A),Mucolipidosis IV,0.0248,0.0,0.0248,Retinal degeneration (HP:0000546); Abnormal nervous system electrophysiology (HP:0001311); Abnormal cellular physiology (HP:0011017); Visual impairment (HP:0000505); Mental deterioration (HP:0001268),
MONDO:0009658,MONDO:0012588,MPS IIID (Sanfilippo D),CLN7 disease,0.0247,0.0,0.0247,Cerebellar atrophy (HP:0001272); Delayed speech and language development (HP:0000750); Sleep disturbance (HP:0002360); Global developmental delay (HP:0001263); Visual impairment (HP:0000505),
MONDO:0012588,MONDO:0010674,CLN7 disease,MPS II (Hunter),0.0247,0.0,0.0247,Abnormal retinal pigmentation (HP:0007703); Neurodegeneration (HP:0002180); Retinopathy (HP:0000488); Sleep disturbance (HP:0002360); Optic atrophy (HP:0000648),
MONDO:0009655,MONDO:0009499,MPS IIIA (Sanfilippo A),Krabbe disease,0.0409,0.0,0.0245,Hyperactivity (HP:0000752); Scoliosis (HP:0002650); Abnormality of the upper respiratory tract (HP:0002087); Abnormal abdominal wall morphology (HP:0004298); Growth abnormality (HP:0001507),
MONDO:0008769,MONDO:0009757,CLN2 disease,Niemann-Pick type C1,0.0406,0.0,0.0244,Abnormal cellular physiology (HP:0011017); Ataxia (HP:0001251); Abnormal enzyme concentration or activity (HP:0034684); Abnormal cerebral morphology (HP:0002060); Atrophy/Degeneration affecting the central nervous system (HP:0007367),
MONDO:0009655,MONDO:0010830,MPS IIIA (Sanfilippo A),CLN8 disease,0.0244,0.0,0.0244,Abnormally increased volition (HP:5200263); Abdominal symptom (HP:0011458); Atypical behavior (HP:0000708); Abnormal cardiovascular system morphology (HP:0030680); Abnormality of the vasculature (HP:0002597),
MONDO:0009656,MONDO:0010830,MPS IIIB (Sanfilippo B),CLN8 disease,0.0243,0.0,0.0243,Abnormally increased volition (HP:5200263); Abdominal symptom (HP:0011458); Atypical behavior (HP:0000708); Abnormal cardiovascular system morphology (HP:0030680); Abnormality of the vasculature (HP:0002597),
MONDO:0011873,MONDO:0010674,Niemann-Pick type C2,MPS II (Hunter),0.0396,0.0,0.0237,Abnormal respiratory system physiology (HP:0002795); Abnormal systemic arterial morphology (HP:0011004); Abnormal circulating enzyme concentration or activity (HP:0012379); Recurrent maladaptive behavior (HP:5200241); Abnormal skin morphology (HP:0011121),
MONDO:0009658,MONDO:0009745,MPS IIID (Sanfilippo D),CLN5 disease,0.0235,0.0,0.0235,Cerebellar atrophy (HP:0001272); Abnormal cellular physiology (HP:0011017); Dysarthria (HP:0001260); Gait disturbance (HP:0001288); Intellectual disability (HP:0001249),
MONDO:0009658,MONDO:0009757,MPS IIID (Sanfilippo D),Niemann-Pick type C1,0.0389,0.0,0.0233,Dysphagia (HP:0002015); Hepatomegaly (HP:0002240); Abnormal cellular physiology (HP:0011017); Splenomegaly (HP:0001744); Dysarthria (HP:0001260),
MONDO:0009656,MONDO:0009499,MPS IIIB (Sanfilippo B),Krabbe disease,0.0387,0.0,0.0232,Abnormal tissue enzyme concentration or activity (HP:6000231); Hyperactivity (HP:0000752); Abnormality of the upper respiratory tract (HP:0002087); Progressive neurologic deterioration (HP:0002344); Abnormality of the vertebral column (HP:0000925),
MONDO:0009657,MONDO:0012588,MPS IIIC (Sanfilippo C),CLN7 disease,0.0232,0.0,0.0232,Sleep disturbance (HP:0002360); Abnormal retinal morphology (HP:0000479); Global developmental delay (HP:0001263); Abnormal speech pattern (HP:0002167); Mental deterioration (HP:0001268),
MONDO:0010830,MONDO:0001586,CLN8 disease,MPS I (Hurler),0.0229,0.0,0.0229,Cerebral palsy (HP:0100021); Abnormal emotional state (HP:0100851); Feeding difficulties (HP:0011968); Appendicular spasticity (HP:0034353); Developmental regression (HP:0002376),
MONDO:0009757,MONDO:0009499,Niemann-Pick type C1,Krabbe disease,0.0378,0.0,0.0227,Abnormal conjugate eye movement (HP:0000549); Dementia (HP:0000726); Abnormal systemic arterial morphology (HP:0011004); Loss of speech (HP:0002371); Abnormality of blood and blood-forming tissues (HP:0001871),
MONDO:0009656,MONDO:0009653,MPS IIIB (Sanfilippo B),Mucolipidosis IV,0.0358,0.0,0.0215,Progressive neurologic deterioration (HP:0002344); Abnormality of the nose (HP:0000366); Coarse facial features (HP:0000280); Abnormal calvaria morphology (HP:0002683); Abnormal abdomen morphology (HP:0001438),
MONDO:0009655,MONDO:0009653,MPS IIIA (Sanfilippo A),Mucolipidosis IV,0.0356,0.0,0.0214,Abnormal abdominal wall morphology (HP:0004298); Abnormality of the nose (HP:0000366); Coarse facial features (HP:0000280); Abnormal calvaria morphology (HP:0002683); Abnormal abdomen morphology (HP:0001438),
MONDO:0008769,MONDO:0010100,CLN2 disease,Tay-Sachs disease,0.0355,0.0,0.0213,Delayed speech and language development (HP:0000750); Myoclonus (HP:0001336); Developmental regression (HP:0002376); Brain atrophy (HP:0012444); Aplasia/Hypoplasia involving the central nervous system (HP:0002977),
MONDO:0008767,MONDO:0001586,CLN3 disease,MPS I (Hurler),0.0201,0.0,0.0201,Glaucoma (HP:0000501); Abnormal anterior eye segment morphology (HP:0004328); Hypertrophic cardiomyopathy (HP:0001639); Retinal degeneration (HP:0000546); Optic atrophy (HP:0000648),
MONDO:0009757,MONDO:0010674,Niemann-Pick type C1,MPS II (Hunter),0.0331,0.0,0.0199,Abnormal systemic arterial morphology (HP:0011004); Abnormal circulating enzyme concentration or activity (HP:0012379); Abnormal skin morphology (HP:0011121); Hepatomegaly (HP:0002240); Splenomegaly (HP:0001744),
MONDO:0012588,MONDO:0009561,CLN7 disease,Alpha-mannosidosis,0.0194,0.0,0.0194,Cerebellar atrophy (HP:0001272); Delayed speech and language development (HP:0000750); Cerebral atrophy (HP:0002059); Abnormal optic disc morphology (HP:0012795); Ataxia (HP:0001251),
MONDO:0011144,MONDO:0009757,CLN6 disease (6A),Niemann-Pick type C1,0.0191,0.0,0.0191,Abnormal cellular physiology (HP:0011017); Atrophy/Degeneration affecting the central nervous system (HP:0007367); Mental deterioration (HP:0001268); Abnormal eye physiology (HP:0012373); Seizure (HP:0001250),
MONDO:0009655,MONDO:0018868,MPS IIIA (Sanfilippo A),Metachromatic leukodystrophy,0.0308,0.0,0.0185,Abnormal leukocyte enzyme concentration or activity (HP:0034858); Recurrent maladaptive behavior (HP:5200241); Abnormality of the urinary system (HP:0000079); Abnormal volitional state (HP:0025780); Abdominal symptom (HP:0011458),
MONDO:0008769,MONDO:0010006,CLN2 disease,Sandhoff disease,0.0299,0.0,0.0179,Myoclonus (HP:0001336); Developmental regression (HP:0002376); Cerebral atrophy (HP:0002059); Ataxia (HP:0001251); Abnormal retinal morphology (HP:0000479),
MONDO:0009656,MONDO:0018868,MPS IIIB (Sanfilippo B),Metachromatic leukodystrophy,0.0287,0.0,0.0172,Progressive neurologic deterioration (HP:0002344); Recurrent maladaptive behavior (HP:5200241); Abnormality of the urinary system (HP:0000079); Abnormal volitional state (HP:0025780); Abdominal symptom (HP:0011458),
MONDO:0008769,MONDO:0011873,CLN2 disease,Niemann-Pick type C2,0.0273,0.0,0.0164,Ataxia (HP:0001251); Abnormal enzyme concentration or activity (HP:0034684); Abnormal cerebral morphology (HP:0002060); Abnormality of movement (HP:0100022); Abnormal speech pattern (HP:0002167),
MONDO:0008769,MONDO:0018868,CLN2 disease,Metachromatic leukodystrophy,0.0269,0.0,0.0161,Abnormal visual electrophysiology (HP:0030453); Developmental regression (HP:0002376); Involuntary movements (HP:0004305); Abnormal nervous system electrophysiology (HP:0001311); Abnormal cellular physiology (HP:0011017),
MONDO:0011873,MONDO:0001586,Niemann-Pick type C2,MPS I (Hurler),0.0255,0.0,0.0153,Abnormal respiratory system physiology (HP:0002795); Abnormal skin morphology (HP:0011121); Hepatomegaly (HP:0002240); Splenomegaly (HP:0001744); Hypotonia (HP:0001252),
MONDO:0008769,MONDO:0009499,CLN2 disease,Krabbe disease,0.0252,0.0,0.0151,Abnormal tissue enzyme concentration or activity (HP:6000231); Visual loss (HP:0000572); Abnormal visual electrophysiology (HP:0030453); Myoclonus (HP:0001336); Developmental regression (HP:0002376),
MONDO:0012588,MONDO:0001586,CLN7 disease,MPS I (Hurler),0.0147,0.0,0.0147,Neurodegeneration (HP:0002180); Retinopathy (HP:0000488); Sleep disturbance (HP:0002360); Optic atrophy (HP:0000648); Abnormal nervous system electrophysiology (HP:0001311),
MONDO:0011144,MONDO:0018868,CLN6 disease (6A),Metachromatic leukodystrophy,0.0144,0.0,0.0144,Motor deterioration (HP:0002333); Abnormal nervous system electrophysiology (HP:0001311); Abnormal cellular physiology (HP:0011017); Visual impairment (HP:0000505); Abnormal fundus morphology (HP:0001098),
MONDO:0009657,MONDO:0008769,MPS IIIC (Sanfilippo C),CLN2 disease,0.0228,0.0,0.0137,Abnormal cellular physiology (HP:0011017); Abnormal retinal morphology (HP:0000479); Abnormal speech pattern (HP:0002167); Neurodevelopmental delay (HP:0012758); Seizure (HP:0001250),
MONDO:0009757,MONDO:0001586,Niemann-Pick type C1,MPS I (Hurler),0.0223,0.0,0.0134,Abnormal skin morphology (HP:0011121); Hepatomegaly (HP:0002240); Splenomegaly (HP:0001744); Hypotonia (HP:0001252); Spasticity (HP:0001257),
MONDO:0009658,MONDO:0008769,MPS IIID (Sanfilippo D),CLN2 disease,0.0216,0.0,0.013,Abnormal tissue enzyme concentration or activity (HP:6000231); Delayed speech and language development (HP:0000750); Abnormal cellular physiology (HP:0011017); Abnormality of movement (HP:0100022); Visual impairment (HP:0000505),
MONDO:0008769,MONDO:0018149,CLN2 disease,GM1 gangliosidosis,0.0199,0.0,0.0119,Delayed speech and language development (HP:0000750); Myoclonus (HP:0001336); Developmental regression (HP:0002376); Cerebral atrophy (HP:0002059); Ataxia (HP:0001251),
MONDO:0009745,MONDO:0010674,CLN5 disease,MPS II (Hunter),0.0117,0.0,0.0117,Retinal degeneration (HP:0000546); Developmental regression (HP:0002376); Abnormal nervous system electrophysiology (HP:0001311); Atrophy/Degeneration affecting the central nervous system (HP:0007367); Intellectual disability (HP:0001249),
MONDO:0011144,MONDO:0010006,CLN6 disease (6A),Sandhoff disease,0.0108,0.0,0.0108,Motor deterioration (HP:0002333); Abnormal retinal morphology (HP:0000479); Atrophy/Degeneration affecting the central nervous system (HP:0007367); Visual impairment (HP:0000505); Seizure (HP:0001250),
MONDO:0009655,MONDO:0012588,MPS IIIA (Sanfilippo A),CLN7 disease,0.0105,0.0,0.0105,Sleep disturbance (HP:0002360); Global developmental delay (HP:0001263); Seizure (HP:0001250),
MONDO:0008769,MONDO:0009561,CLN2 disease,Alpha-mannosidosis,0.0167,0.0,0.01,Delayed speech and language development (HP:0000750); Retinal degeneration (HP:0000546); Cerebral atrophy (HP:0002059); Abnormal cellular physiology (HP:0011017); Ataxia (HP:0001251),
MONDO:0008769,MONDO:0010674,CLN2 disease,MPS II (Hunter),0.0162,0.0,0.0097,Abnormal electroretinogram (HP:0000512); Retinal degeneration (HP:0000546); Developmental regression (HP:0002376); Abnormal nervous system electrophysiology (HP:0001311); Abnormal enzyme concentration or activity (HP:0034684),
MONDO:0009656,MONDO:0012588,MPS IIIB (Sanfilippo B),CLN7 disease,0.0096,0.0,0.0096,Sleep disturbance (HP:0002360); Mental deterioration (HP:0001268); Seizure (HP:0001250); Neurodevelopmental abnormality (HP:0012759),
MONDO:0011144,MONDO:0010674,CLN6 disease (6A),MPS II (Hunter),0.0096,0.0,0.0096,Retinal degeneration (HP:0000546); Abnormal nervous system electrophysiology (HP:0001311); Atrophy/Degeneration affecting the central nervous system (HP:0007367); Visual impairment (HP:0000505); Mental deterioration (HP:0001268),
MONDO:0011144,MONDO:0009499,CLN6 disease (6A),Krabbe disease,0.0094,0.0,0.0094,Motor deterioration (HP:0002333); Visual loss (HP:0000572); Abnormal nervous system electrophysiology (HP:0001311); Abnormal retinal morphology (HP:0000479); Atrophy/Degeneration affecting the central nervous system (HP:0007367),
MONDO:0011144,MONDO:0010100,CLN6 disease (6A),Tay-Sachs disease,0.0091,0.0,0.0091,Abnormal retinal morphology (HP:0000479); Atrophy/Degeneration affecting the central nervous system (HP:0007367); Visual impairment (HP:0000505); Mental deterioration (HP:0001268); Seizure (HP:0001250),
MONDO:0009745,MONDO:0001586,CLN5 disease,MPS I (Hurler),0.0089,0.0,0.0089,Retinal degeneration (HP:0000546); Developmental regression (HP:0002376); Abnormal nervous system electrophysiology (HP:0001311); Atrophy/Degeneration affecting the central nervous system (HP:0007367); Intellectual disability (HP:0001249),
MONDO:0009656,MONDO:0008769,MPS IIIB (Sanfilippo B),CLN2 disease,0.0133,0.0,0.008,Abnormal tissue enzyme concentration or activity (HP:6000231); Seizure (HP:0001250); Neurodevelopmental abnormality (HP:0012759); Abnormality of mental function (HP:0011446),
MONDO:0009658,MONDO:0011144,MPS IIID (Sanfilippo D),CLN6 disease (6A),0.0078,0.0,0.0078,Abnormal cellular physiology (HP:0011017); Visual impairment (HP:0000505); Abnormal eye morphology (HP:0012372); Morphological central nervous system abnormality (HP:0002011); Seizure (HP:0001250),
MONDO:0009656,MONDO:0009745,MPS IIIB (Sanfilippo B),CLN5 disease,0.0066,0.0,0.0066,Intellectual disability (HP:0001249); Abnormality of the immune system (HP:0002715); Mental deterioration (HP:0001268); Seizure (HP:0001250); Abnormality of metabolism/homeostasis (HP:0001939),
MONDO:0011144,MONDO:0011873,CLN6 disease (6A),Niemann-Pick type C2,0.0065,0.0,0.0065,Mental deterioration (HP:0001268); Abnormal eye physiology (HP:0012373); Morphological central nervous system abnormality (HP:0002011); Seizure (HP:0001250); Abnormality of metabolism/homeostasis (HP:0001939),
MONDO:0011144,MONDO:0001586,CLN6 disease (6A),MPS I (Hurler),0.0064,0.0,0.0064,Retinal degeneration (HP:0000546); Abnormal nervous system electrophysiology (HP:0001311); Atrophy/Degeneration affecting the central nervous system (HP:0007367); Visual impairment (HP:0000505); Mental deterioration (HP:0001268),
MONDO:0008769,MONDO:0001586,CLN2 disease,MPS I (Hurler),0.0106,0.0,0.0064,Abnormal tissue enzyme concentration or activity (HP:6000231); Retinal degeneration (HP:0000546); Developmental regression (HP:0002376); Abnormal nervous system electrophysiology (HP:0001311); Atrophy/Degeneration affecting the central nervous system (HP:0007367),
MONDO:0011144,MONDO:0009561,CLN6 disease (6A),Alpha-mannosidosis,0.0057,0.0,0.0057,Retinal degeneration (HP:0000546); Abnormal cellular physiology (HP:0011017); Atrophy/Degeneration affecting the central nervous system (HP:0007367); Abnormal eye physiology (HP:0012373); Cognitive impairment (HP:0100543),
MONDO:0011144,MONDO:0018149,CLN6 disease (6A),GM1 gangliosidosis,0.0045,0.0,0.0045,Abnormal retinal morphology (HP:0000479); Atrophy/Degeneration affecting the central nervous system (HP:0007367); Visual impairment (HP:0000505); Mental deterioration (HP:0001268); Seizure (HP:0001250),
MONDO:0009655,MONDO:0009745,MPS IIIA (Sanfilippo A),CLN5 disease,0.0044,0.0,0.0044,Intellectual disability (HP:0001249); Abnormality of the immune system (HP:0002715); Seizure (HP:0001250); Abnormality of metabolism/homeostasis (HP:0001939),
MONDO:0009656,MONDO:0011144,MPS IIIB (Sanfilippo B),CLN6 disease (6A),0.0043,0.0,0.0043,Mental deterioration (HP:0001268); Seizure (HP:0001250); Abnormality of metabolism/homeostasis (HP:0001939),
MONDO:0009655,MONDO:0008769,MPS IIIA (Sanfilippo A),CLN2 disease,0.0053,0.0,0.0032,Abnormal enzyme concentration or activity (HP:0034684); Neurodevelopmental delay (HP:0012758); Seizure (HP:0001250); Abnormality of mental function (HP:0011446),
MONDO:0009655,MONDO:0011144,MPS IIIA (Sanfilippo A),CLN6 disease (6A),0.0014,0.0,0.0014,Seizure (HP:0001250); Abnormality of metabolism/homeostasis (HP:0001939); Abnormality of mental function (HP:0011446),
